id_vendedor,Vendedor,Nro. Pedido,data_venda,Valor,forma_pagamento
282,ANA SILVA,0000042803,5/2/2025,"599,00",CARTÃO DEBITO
282,ANA SILVA,0000042804,5/2/2025,"180,00",CARTÃO DEBITO
282,ANA SILVA,0000042807,5/2/2025,"990,00",CARTÃO DEBITO
282,ANA SILVA,0000042825,5/3/2025,"800,00",CARTÃO DEBITO
282,ANA SILVA,0000042825,5/3/2025,"800,00",CARTÃO DEBITO
282,ANA SILVA,0000042825,5/3/2025,"800,00",CARTÃO DEBITO
282,ANA SILVA,0000042825,5/3/2025,"800,00",CARTÃO DEBITO
282,ANA SILVA,0000042832,5/3/2025,"1.500,00",CREDITO 6 A 10X
282,ANA SILVA,0000042832,5/3/2025,"1.500,00",CREDITO 6 A 10X
282,ANA SILVA,0000042834,5/4/2025,"900,00",CREDITO 6 A 10X
282,ANA SILVA,0000042834,5/4/2025,"900,00",CREDITO 1X
282,ANA SILVA,0000042835,5/4/2025,"700,00",CARTÃO DEBITO
282,ANA SILVA,0000042836,5/4/2025,"349,00",
282,ANA SILVA,0000042836,5/4/2025,"0,01",
282,ANA SILVA,0000042836,5/4/2025,"349,00",
282,ANA SILVA,0000042836,5/4/2025,"0,01",
282,ANA SILVA,0000042840,5/5/2025,"754,00",CARTÃO DEBITO
282,ANA SILVA,0000042840,5/5/2025,"754,00",CARTÃO DEBITO
282,ANA SILVA,0000042842,5/5/2025,"584,00",CARTÃO DEBITO
282,ANA SILVA,0000042842,5/5/2025,"584,00",CARTÃO DEBITO
282,ANA SILVA,0000042842,5/5/2025,"584,00",CREDITO 1X
282,ANA SILVA,0000042847,5/5/2025,"75,00",VOUCHER
282,ANA SILVA,0000042850,5/5/2025,"599,00",DINHEIRO
365,EDISON,0000042826,5/3/2025,"29,90",CARTÃO DEBITO
396,JOAQUIM,0000042800,5/2/2025,"1.248,00",CARTÃO DEBITO
396,JOAQUIM,0000042800,5/2/2025,"1.248,00",CREDITO 6 A 10X
396,JOAQUIM,0000042802,5/2/2025,"349,00",CREDITO 6 A 10X
396,JOAQUIM,0000042811,5/2/2025,"730,00",DINHEIRO
396,JOAQUIM,0000042811,5/2/2025,"730,00",DINHEIRO
396,JOAQUIM,0000042813,5/2/2025,"1.400,00",CARTÃO DEBITO
396,JOAQUIM,0000042813,5/2/2025,"1.400,00",CARTÃO DEBITO
396,JOAQUIM,0000042820,5/3/2025,"180,00",CREDITO 2 A 5X
396,JOAQUIM,0000042828,5/3/2025,"1.402,00",CREDITO 2 A 5X
396,JOAQUIM,0000042828,5/3/2025,"1.402,00",CREDITO 6 A 10X
396,JOAQUIM,0000042829,5/3/2025,"1.520,00",CREDITO 6 A 10X
396,JOAQUIM,0000042829,5/3/2025,"1.520,00",CREDITO 6 A 10X
396,JOAQUIM,0000042829,5/3/2025,"1.520,00",CREDITO 6 A 10X
396,JOAQUIM,0000042829,5/3/2025,"1.520,00",CREDITO 6 A 10X
396,JOAQUIM,0000042829,5/3/2025,"1.520,00",CREDITO 6 A 10X
396,JOAQUIM,0000042833,5/3/2025,"1.923,00",CARTÃO DEBITO
396,JOAQUIM,0000042833,5/3/2025,"1.923,00",CREDITO 6 A 10X
396,JOAQUIM,0000042833,5/3/2025,"1.923,00",CREDITO 6 A 10X
396,JOAQUIM,0000042833,5/3/2025,"1.923,00",CREDITO 2 A 5X
396,JOAQUIM,0000042833,5/3/2025,"1.923,00",CREDITO 2 A 5X
396,JOAQUIM,0000042839,5/5/2025,"2.500,00",CARTÃO DEBITO
396,JOAQUIM,0000042839,5/5/2025,"2.500,00",CARTÃO DEBITO
396,JOAQUIM,0000042839,5/5/2025,"2.500,00",CARTÃO DEBITO
396,JOAQUIM,0000042839,5/5/2025,"2.500,00",CREDITO 6 A 10X
396,JOAQUIM,0000042839,5/5/2025,"2.500,00",CREDITO 6 A 10X
396,JOAQUIM,0000042846,5/5/2025,"45,00",CREDITO 6 A 10X
396,JOAQUIM,0000042848,5/5/2025,"2.861,00",DINHEIRO
396,JOAQUIM,0000042848,5/5/2025,"2.861,00",DINHEIRO
396,JOAQUIM,0000042848,5/5/2025,"2.861,00",CREDITO 1X
396,JOAQUIM,0000042848,5/5/2025,"2.861,00",VOUCHER
396,JOAQUIM,0000042848,5/5/2025,"2.861,00",CREDITO 2 A 5X
396,JOAQUIM,0000042848,5/5/2025,"2.861,00",CREDITO 2 A 5X
396,JOAQUIM,0000042848,5/5/2025,"2.861,00",CREDITO 6 A 10X
396,JOAQUIM,0000042848,5/5/2025,"2.861,00",CREDITO 6 A 10X
409,CARLOS NAKAMURA,0000042795,5/1/2025,"2.200,00",CREDITO 6 A 10X
409,CARLOS NAKAMURA,0000042795,5/1/2025,"2.200,00",CREDITO 6 A 10X
409,CARLOS NAKAMURA,0000042796,5/1/2025,"4.900,00",CREDITO 6 A 10X
409,CARLOS NAKAMURA,0000042796,5/1/2025,"4.900,00",CREDITO 6 A 10X
409,CARLOS NAKAMURA,0000042799,5/1/2025,"1.000,00",CREDITO 6 A 10X
409,CARLOS NAKAMURA,0000042799,5/1/2025,"1.000,00",CREDITO 6 A 10X
409,CARLOS NAKAMURA,0000042799,5/1/2025,"1.000,00",DINHEIRO
409,CARLOS NAKAMURA,0000042799,5/1/2025,"1.000,00",DINHEIRO
409,CARLOS NAKAMURA,0000042799,5/1/2025,"3.000,00",DINHEIRO
409,CARLOS NAKAMURA,0000042799,5/1/2025,"3.000,00",DINHEIRO
409,CARLOS NAKAMURA,0000042799,5/1/2025,"3.000,00",CREDITO 6 A 10X
409,CARLOS NAKAMURA,0000042799,5/1/2025,"3.000,00",CREDITO 6 A 10X
409,CARLOS NAKAMURA,0000042805,5/2/2025,"690,00",CARTÃO DEBITO
409,CARLOS NAKAMURA,0000042809,5/2/2025,"1.300,00",CREDITO 6 A 10X
409,CARLOS NAKAMURA,0000042815,5/2/2025,"930,00",CREDITO 6 A 10X
409,CARLOS NAKAMURA,0000042815,5/2/2025,"930,00",CREDITO 6 A 10X
409,CARLOS NAKAMURA,0000042815,5/2/2025,"930,00",CREDITO 6 A 10X
409,CARLOS NAKAMURA,0000042815,5/2/2025,"930,00",CREDITO 6 A 10X
409,CARLOS NAKAMURA,0000042816,5/2/2025,"0,01",
409,CARLOS NAKAMURA,0000042817,5/2/2025,"95,00",CREDITO 6 A 10X
409,CARLOS NAKAMURA,0000042824,5/3/2025,"1.579,00",CREDITO 6 A 10X
409,CARLOS NAKAMURA,0000042824,5/3/2025,"1.579,00",CREDITO 6 A 10X
409,CARLOS NAKAMURA,0000042824,5/3/2025,"1.579,00",CARTÃO DEBITO
409,CARLOS NAKAMURA,0000042824,5/3/2025,"1.579,00",CREDITO 1X
409,CARLOS NAKAMURA,0000042837,5/5/2025,"3.100,00",CARTÃO DEBITO
409,CARLOS NAKAMURA,0000042837,5/5/2025,"3.100,00",CARTÃO DEBITO
409,CARLOS NAKAMURA,0000042838,5/5/2025,"5.198,00",CARTÃO DEBITO
409,CARLOS NAKAMURA,0000042838,5/5/2025,"5.198,00",CARTÃO DEBITO
409,CARLOS NAKAMURA,0000042838,5/5/2025,"5.198,00",CARTÃO DEBITO
409,CARLOS NAKAMURA,0000042838,5/5/2025,"5.198,00",CARTÃO DEBITO
409,CARLOS NAKAMURA,0000042843,5/5/2025,"2.140,00",CARTÃO DEBITO
409,CARLOS NAKAMURA,0000042843,5/5/2025,"2.140,00",CARTÃO DEBITO
409,CARLOS NAKAMURA,0000042844,5/5/2025,"900,00",CARTÃO DEBITO
409,CARLOS NAKAMURA,0000042845,5/5/2025,"20,00",CARTÃO DEBITO
41,THIAGO CARMO,0000042743,4/25/2025,"1.090,00",CARTÃO DEBITO
41,THIAGO CARMO,0000042743,4/25/2025,"1.090,00",CARTÃO DEBITO
41,THIAGO CARMO,0000042792,4/30/2025,"830,00",CARTÃO DEBITO
41,THIAGO CARMO,0000042819,5/3/2025,"0,02",
41,THIAGO CARMO,0000042823,5/3/2025,"1.900,00",CARTÃO DEBITO
41,THIAGO CARMO,0000042823,5/3/2025,"1.900,00",CARTÃO DEBITO
41,THIAGO CARMO,0000042831,5/3/2025,"3.700,00",CREDITO 6 A 10X
41,THIAGO CARMO,0000042831,5/3/2025,"3.700,00",CREDITO 6 A 10X
41,THIAGO CARMO,0000042831,5/3/2025,"3.700,00",CREDITO 6 A 10X
418,KELLY SOUZA,0000042568,4/3/2025,"600,00",CREDITO 6 A 10X
418,KELLY SOUZA,0000042801,5/2/2025,"900,00",CREDITO 6 A 10X
418,KELLY SOUZA,0000042808,5/2/2025,"1.000,00",CREDITO 2 A 5X
418,KELLY SOUZA,0000042808,5/2/2025,"1.000,00",CREDITO 2 A 5X
418,KELLY SOUZA,0000042808,5/2/2025,"1.000,00",DINHEIRO
418,KELLY SOUZA,0000042808,5/2/2025,"1.229,90",CREDITO 2 A 5X
418,KELLY SOUZA,0000042808,5/2/2025,"1.229,90",TRANSF BANCARIA
418,KELLY SOUZA,0000042808,5/2/2025,"1.229,90",TRANSF BANCARIA
418,KELLY SOUZA,0000042812,5/2/2025,"15,00",TRANSF BANCARIA
418,KELLY SOUZA,0000042812,5/2/2025,"1.500,00",CREDITO 2 A 5X
418,KELLY SOUZA,0000042812,5/2/2025,"15,00",CARTÃO DEBITO
418,KELLY SOUZA,0000042812,5/2/2025,"1.500,00",CREDITO 2 A 5X
418,KELLY SOUZA,0000042812,5/2/2025,"1.500,00",CREDITO 6 A 10X
418,KELLY SOUZA,0000042812,5/2/2025,"15,00",CREDITO 6 A 10X
418,KELLY SOUZA,0000042821,5/3/2025,"290,00",VOUCHER
418,KELLY SOUZA,0000042821,5/3/2025,"40,00",VOUCHER
418,KELLY SOUZA,0000042822,5/3/2025,"200,00",CREDITO 6 A 10X
418,KELLY SOUZA,0000042827,5/3/2025,"911,00",CREDITO 2 A 5X
418,KELLY SOUZA,0000042827,5/3/2025,"911,00",VOUCHER
418,KELLY SOUZA,0000042827,5/3/2025,"911,00",DINHEIRO
418,KELLY SOUZA,0000042827,5/3/2025,"911,00",CREDITO 6 A 10X
418,KELLY SOUZA,0000042830,5/3/2025,"420,00",CREDITO 6 A 10X
418,KELLY SOUZA,0000042830,5/3/2025,"420,00",DINHEIRO
95,ELIANA BRITO,0000042797,5/1/2025,"300,00",CREDITO 2 A 5X
95,ELIANA BRITO,0000042806,5/2/2025,"300,00",CREDITO 2 A 5X
95,ELIANA BRITO,0000042818,5/2/2025,"20,00",CREDITO 2 A 5X
95,ELIANA BRITO,0000042841,5/5/2025,"1.000,00",CARTÃO DEBITO
95,ELIANA BRITO,0000042841,5/5/2025,"1.000,00",CARTÃO DEBITO
95,ELIANA BRITO,0000042841,5/5/2025,"1.000,00",CARTÃO DEBITO
95,ELIANA BRITO,0000042841,5/5/2025,"1.000,00",CARTÃO DEBITO
95,ELIANA BRITO,0000042849,5/5/2025,"1.750,00",CARTÃO DEBITO
95,ELIANA BRITO,0000042849,5/5/2025,"1.750,00",CARTÃO DEBITO
13,FABIANO,0000017161,5/2/2025,"1.000,00",CARTÃO DEBITO
13,FABIANO,0000017161,5/2/2025,"1.000,00",CREDITO 2 A 5X
13,FABIANO,0000017161,5/2/2025,"1.000,00",CREDITO 2 A 5X
13,FABIANO,0000017161,5/2/2025,"1.000,00",CREDITO 2 A 5X
13,FABIANO,0000017161,5/2/2025,"2.700,00",CREDITO 2 A 5X
13,FABIANO,0000017161,5/2/2025,"2.700,00",CREDITO 2 A 5X
13,FABIANO,0000017161,5/2/2025,"2.700,00",CREDITO 2 A 5X
13,FABIANO,0000017161,5/2/2025,"2.700,00",CREDITO 1X
13,FABIANO,0000017166,5/5/2025,"400,00",CREDITO 6 A 10X
13,FABIANO,0000017166,5/5/2025,"500,00",CARTÃO DEBITO
13,FABIANO,0000017168,5/5/2025,"750,00",CARTÃO DEBITO
13,FABIANO,0000017169,5/5/2025,"260,00",VOUCHER
32,WESLEY,0000017162,5/3/2025,"230,00",VOUCHER
400,THIAGO FALCO,0000017139,4/25/2025,"175,00",VOUCHER
400,THIAGO FALCO,0000017149,4/29/2025,"0,02",
400,THIAGO FALCO,0000017159,5/2/2025,"678,00",VOUCHER
400,THIAGO FALCO,0000017159,5/2/2025,"678,00",DINHEIRO
400,THIAGO FALCO,0000017160,5/2/2025,"359,00",CREDITO 1X
400,THIAGO FALCO,0000017163,5/5/2025,"300,00",CREDITO 6 A 10X
400,THIAGO FALCO,0000017163,5/5/2025,"300,00",CREDITO 6 A 10X
400,THIAGO FALCO,0000017164,5/5/2025,"1.779,00",CARTÃO DEBITO
400,THIAGO FALCO,0000017164,5/5/2025,"1.779,00",CARTÃO DEBITO
400,THIAGO FALCO,0000017165,5/5/2025,"593,00",VOUCHER
431,JOSE JUNIOR,0000017158,5/2/2025,"600,00",VOUCHER
431,JOSE JUNIOR,0000017158,5/2/2025,"600,00",CREDITO 6 A 10X
431,JOSE JUNIOR,0000017167,5/5/2025,"344,00",CREDITO 6 A 10X
431,JOSE JUNIOR,0000017167,5/5/2025,"344,00",CREDITO 6 A 10X
431,JOSE JUNIOR,0000017167,5/5/2025,"344,00",CREDITO 6 A 10X
132,IARA CASTRO,0000009155,4/23/2025,"40,00",CREDITO 6 A 10X
132,IARA CASTRO,0000009169,5/2/2025,"989,00",CREDITO 6 A 10X
503,ITALO MARTINS,0000009170,5/2/2025,"469,00",CARTÃO DEBITO
503,ITALO MARTINS,0000009170,5/2/2025,"469,00",CARTÃO DEBITO
503,ITALO MARTINS,0000009171,5/3/2025,"828,00",CARTÃO DEBITO
503,ITALO MARTINS,0000009171,5/3/2025,"828,00",CARTÃO DEBITO
503,ITALO MARTINS,0000009171,5/3/2025,"828,00",CARTÃO DEBITO
503,ITALO MARTINS,0000009171,5/3/2025,"828,00",CARTÃO DEBITO
503,ITALO MARTINS,0000009172,5/5/2025,"20,00",CARTÃO DEBITO
503,ITALO MARTINS,0000009172,5/5/2025,"20,00",CARTÃO DEBITO
503,ITALO MARTINS,0000009172,5/5/2025,"20,00",CREDITO 6 A 10X
503,ITALO MARTINS,0000009172,5/5/2025,"20,00",CREDITO 6 A 10X
503,ITALO MARTINS,0000009172,5/5/2025,"20,00",CREDITO 6 A 10X
503,ITALO MARTINS,0000009172,5/5/2025,"20,00",CREDITO 6 A 10X
503,ITALO MARTINS,0000009172,5/5/2025,"2.358,00",CREDITO 6 A 10X
503,ITALO MARTINS,0000009172,5/5/2025,"2.358,00",CARTÃO DEBITO
503,ITALO MARTINS,0000009172,5/5/2025,"2.358,00",DINHEIRO
503,ITALO MARTINS,0000009172,5/5/2025,"2.358,00",CREDITO 6 A 10X
503,ITALO MARTINS,0000009172,5/5/2025,"2.358,00",CREDITO 6 A 10X
503,ITALO MARTINS,0000009172,5/5/2025,"2.358,00",TRANSF BANCARIA
110,LUA CLARA,0000013783,5/2/2025,"500,00",TRANSF BANCARIA
110,LUA CLARA,0000013783,5/2/2025,"500,00",TRANSF BANCARIA
110,LUA CLARA,0000013783,5/2/2025,"500,00",CREDITO 6 A 10X
110,LUA CLARA,0000013783,5/2/2025,"1.700,00",CREDITO 6 A 10X
110,LUA CLARA,0000013783,5/2/2025,"1.700,00",DINHEIRO
110,LUA CLARA,0000013783,5/2/2025,"1.700,00",CARTÃO DEBITO
110,LUA CLARA,0000013786,5/2/2025,"700,00",CREDITO 6 A 10X
110,LUA CLARA,0000013786,5/2/2025,"700,00",CREDITO 6 A 10X
110,LUA CLARA,0000013792,5/3/2025,"30,00",CREDITO 1X
110,LUA CLARA,0000013794,5/5/2025,"479,00",CREDITO 2 A 5X
110,LUA CLARA,0000013794,5/5/2025,"479,00",CREDITO 6 A 10X
110,LUA CLARA,0000013795,5/5/2025,"1.921,00",CREDITO 6 A 10X
110,LUA CLARA,0000013795,5/5/2025,"1.921,00",CARTÃO DEBITO
110,LUA CLARA,0000013795,5/5/2025,"1.921,00",DINHEIRO
110,LUA CLARA,0000013795,5/5/2025,"1.921,00",DINHEIRO
48,CLARICE SILVA,0000013784,5/2/2025,"1.900,00",CREDITO 6 A 10X
48,CLARICE SILVA,0000013784,5/2/2025,"1.900,00",CREDITO 6 A 10X
48,CLARICE SILVA,0000013785,5/2/2025,"120,00",DINHEIRO
48,CLARICE SILVA,0000013787,5/2/2025,"890,00",DINHEIRO
48,CLARICE SILVA,0000013787,5/2/2025,"890,00",DINHEIRO
48,CLARICE SILVA,0000013787,5/2/2025,"890,00",CREDITO 6 A 10X
48,CLARICE SILVA,0000013787,5/2/2025,"890,00",CREDITO 2 A 5X
48,CLARICE SILVA,0000013788,5/2/2025,"200,00",CREDITO 2 A 5X
48,CLARICE SILVA,0000013788,5/2/2025,"200,00",CREDITO 2 A 5X
48,CLARICE SILVA,0000013789,5/2/2025,"70,00",CREDITO 2 A 5X
48,CLARICE SILVA,0000013790,5/3/2025,"6.140,00",CREDITO 2 A 5X
48,CLARICE SILVA,0000013790,5/3/2025,"6.140,00",CREDITO 2 A 5X
48,CLARICE SILVA,0000013790,5/3/2025,"6.140,00",CREDITO 6 A 10X
48,CLARICE SILVA,0000013790,5/3/2025,"6.140,00",CREDITO 6 A 10X
48,CLARICE SILVA,0000013790,5/3/2025,"6.140,00",CREDITO 6 A 10X
48,CLARICE SILVA,0000013790,5/3/2025,"6.140,00",CREDITO 6 A 10X
48,CLARICE SILVA,0000013791,5/3/2025,"15,00",CREDITO 6 A 10X
48,CLARICE SILVA,0000013793,5/5/2025,"280,00",CREDITO 6 A 10X
517,EDIGAR CASTILHO,0000013796,5/5/2025,"406,50",CREDITO 6 A 10X
517,EDIGAR CASTILHO,0000013796,5/5/2025,"406,50",CREDITO 6 A 10X
517,EDIGAR CASTILHO,0000013797,5/5/2025,"1.087,50",CREDITO 2 A 5X
517,EDIGAR CASTILHO,0000013797,5/5/2025,"1.087,50",CREDITO 1X
517,EDIGAR CASTILHO,0000013797,5/5/2025,"1.087,50",CARTÃO DEBITO
517,EDIGAR CASTILHO,0000013797,5/5/2025,"1.087,50",CARTÃO DEBITO
1,ANTONIA SILVA,0000036797,12/14/2024,"235,00",CARTÃO DEBITO
1,ANTONIA SILVA,0000036797,12/14/2024,"235,00",CARTÃO DEBITO
1,ANTONIA SILVA,0000038005,4/8/2025,"0,02",
1,ANTONIA SILVA,0000038083,4/16/2025,"250,00",CARTÃO DEBITO
1,ANTONIA SILVA,0000038083,4/16/2025,"250,00",CREDITO 6 A 10X
1,ANTONIA SILVA,0000038083,4/16/2025,"250,00",CREDITO 6 A 10X
1,ANTONIA SILVA,0000038213,4/29/2025,"210,00",TRANSF BANCARIA
1,ANTONIA SILVA,0000038245,5/2/2025,"3.359,00",TRANSF BANCARIA
1,ANTONIA SILVA,0000038245,5/2/2025,"3.359,00",CARTÃO DEBITO
1,ANTONIA SILVA,0000038245,5/2/2025,"3.359,00",CREDITO 2 A 5X
1,ANTONIA SILVA,0000038245,5/2/2025,"3.359,00",CREDITO 2 A 5X
1,ANTONIA SILVA,0000038246,5/2/2025,"540,00",CREDITO 2 A 5X
1,ANTONIA SILVA,0000038247,5/2/2025,"897,00",CARTÃO DEBITO
1,ANTONIA SILVA,0000038248,5/2/2025,"270,00",CREDITO 1X
1,ANTONIA SILVA,0000038249,5/2/2025,"0,01",
1,ANTONIA SILVA,0000038251,5/2/2025,"4.232,50",DINHEIRO
1,ANTONIA SILVA,0000038251,5/2/2025,"4.232,50",TRANSF BANCARIA
1,ANTONIA SILVA,0000038251,5/2/2025,"4.232,50",CARTÃO DEBITO
1,ANTONIA SILVA,0000038251,5/2/2025,"4.232,50",VOUCHER
1,ANTONIA SILVA,0000038251,5/2/2025,"4.232,50",VOUCHER
1,ANTONIA SILVA,0000038253,5/2/2025,"40,00",VOUCHER
1,ANTONIA SILVA,0000038257,5/3/2025,"0,02",
1,ANTONIA SILVA,0000038259,5/3/2025,"0,04",
1,ANTONIA SILVA,0000038264,5/3/2025,"6.088,00",VOUCHER
1,ANTONIA SILVA,0000038264,5/3/2025,"6.088,00",VOUCHER
1,ANTONIA SILVA,0000038264,5/3/2025,"6.088,00",VOUCHER
1,ANTONIA SILVA,0000038265,5/3/2025,"295,00",VOUCHER
1,ANTONIA SILVA,0000038266,5/3/2025,"3.040,00",VOUCHER
1,ANTONIA SILVA,0000038266,5/3/2025,"3.040,00",CARTÃO DEBITO
1,ANTONIA SILVA,0000038276,5/5/2025,"2.600,00",CREDITO 6 A 10X
1,ANTONIA SILVA,0000038279,5/5/2025,"682,50",
1,ANTONIA SILVA,0000038280,5/5/2025,"859,00",CREDITO 2 A 5X
197,MORETTI OLIVEIRA,0000038258,5/3/2025,"220,00",CREDITO 2 A 5X
197,MORETTI OLIVEIRA,0000038260,5/3/2025,"580,00",CARTÃO DEBITO
197,MORETTI OLIVEIRA,0000038260,5/3/2025,"580,00",CARTÃO DEBITO
197,MORETTI OLIVEIRA,0000038269,5/3/2025,"2.600,00",CARTÃO DEBITO
197,MORETTI OLIVEIRA,0000038278,5/5/2025,"670,00",CARTÃO DEBITO
361,JULIO SOUZA,0000037772,3/15/2025,"630,00",CREDITO 1X
361,JULIO SOUZA,0000037772,3/15/2025,"630,00",CARTÃO DEBITO
361,JULIO SOUZA,0000038235,4/30/2025,"610,00",CREDITO 6 A 10X
361,JULIO SOUZA,0000038240,5/1/2025,"1.032,00",CREDITO 6 A 10X
361,JULIO SOUZA,0000038240,5/1/2025,"1.032,00",CREDITO 6 A 10X
361,JULIO SOUZA,0000038240,5/1/2025,"1.032,00",CREDITO 6 A 10X
361,JULIO SOUZA,0000038240,5/1/2025,"1.032,00",CREDITO 6 A 10X
361,JULIO SOUZA,0000038240,5/1/2025,"4.128,00",CREDITO 6 A 10X
361,JULIO SOUZA,0000038240,5/1/2025,"4.128,00",CREDITO 6 A 10X
361,JULIO SOUZA,0000038240,5/1/2025,"4.128,00",CREDITO 6 A 10X
361,JULIO SOUZA,0000038240,5/1/2025,"4.128,00",CREDITO 6 A 10X
361,JULIO SOUZA,0000038241,5/1/2025,"235,00",CREDITO 6 A 10X
361,JULIO SOUZA,0000038242,5/1/2025,"470,00",VOUCHER
361,JULIO SOUZA,0000038242,5/1/2025,"470,00",CREDITO 2 A 5X
361,JULIO SOUZA,0000038244,5/1/2025,"329,00",TRANSF BANCARIA
361,JULIO SOUZA,0000038244,5/1/2025,"329,00",TRANSF BANCARIA
361,JULIO SOUZA,0000038254,5/2/2025,"1.068,00",TRANSF BANCARIA
361,JULIO SOUZA,0000038254,5/2/2025,"1.068,00",CREDITO 2 A 5X
361,JULIO SOUZA,0000038254,5/2/2025,"1.068,00",CARTÃO DEBITO
361,JULIO SOUZA,0000038254,5/2/2025,"1.068,00",CARTÃO DEBITO
361,JULIO SOUZA,0000038261,5/3/2025,"2.550,00",CARTÃO DEBITO
361,JULIO SOUZA,0000038262,5/3/2025,"4.630,00",CARTÃO DEBITO
361,JULIO SOUZA,0000038262,5/3/2025,"4.630,00",CREDITO 2 A 5X
361,JULIO SOUZA,0000038262,5/3/2025,"4.630,00",CREDITO 2 A 5X
361,JULIO SOUZA,0000038270,5/3/2025,"20,00",CREDITO 6 A 10X
361,JULIO SOUZA,0000038272,5/4/2025,"20,00",CREDITO 6 A 10X
361,JULIO SOUZA,0000038275,5/4/2025,"358,90",CREDITO 6 A 10X
361,JULIO SOUZA,0000038275,5/4/2025,"358,90",CREDITO 6 A 10X
361,JULIO SOUZA,0000038281,5/5/2025,"519,00",CREDITO 6 A 10X
361,JULIO SOUZA,0000038281,5/5/2025,"519,00",CREDITO 6 A 10X
484,PATRICIA,0000038252,5/2/2025,"720,00",CREDITO 1X
484,PATRICIA,0000038252,5/2/2025,"720,00",CREDITO 1X
501,EDUARDO,0000038196,4/27/2025,"205,00",DINHEIRO
501,EDUARDO,0000038238,5/1/2025,"29,90",CREDITO 6 A 10X
501,EDUARDO,0000038239,5/1/2025,"1.189,00",CREDITO 6 A 10X
501,EDUARDO,0000038239,5/1/2025,"1.189,00",CREDITO 6 A 10X
501,EDUARDO,0000038243,5/1/2025,"864,00",CREDITO 6 A 10X
501,EDUARDO,0000038243,5/1/2025,"864,00",CREDITO 6 A 10X
501,EDUARDO,0000038250,5/2/2025,"79,00",CREDITO 6 A 10X
501,EDUARDO,0000038256,5/2/2025,"299,00",CREDITO 6 A 10X
501,EDUARDO,0000038263,5/3/2025,"8.289,00",CREDITO 6 A 10X
501,EDUARDO,0000038263,5/3/2025,"8.289,00",CREDITO 6 A 10X
501,EDUARDO,0000038263,5/3/2025,"8.289,00",CREDITO 2 A 5X
501,EDUARDO,0000038263,5/3/2025,"8.289,00",CREDITO 6 A 10X
501,EDUARDO,0000038263,5/3/2025,"8.289,00",CREDITO 6 A 10X
501,EDUARDO,0000038263,5/3/2025,"8.289,00",CREDITO 6 A 10X
501,EDUARDO,0000038263,5/3/2025,"8.289,00",CREDITO 6 A 10X
501,EDUARDO,0000038263,5/3/2025,"8.289,00",CREDITO 6 A 10X
501,EDUARDO,0000038263,5/3/2025,"8.289,00",CREDITO 6 A 10X
501,EDUARDO,0000038267,5/3/2025,"195,00",CREDITO 6 A 10X
501,EDUARDO,0000038268,5/3/2025,"95,00",CREDITO 6 A 10X
501,EDUARDO,0000038271,5/3/2025,"230,00",CREDITO 6 A 10X
501,EDUARDO,0000038273,5/4/2025,"150,00",CREDITO 6 A 10X
501,EDUARDO,0000038274,5/4/2025,"650,00",CREDITO 6 A 10X
104,ANA CARLOTE,0000016914,5/2/2025,"120,00",CREDITO 2 A 5X
104,ANA CARLOTE,0000016924,5/3/2025,"1.375,00",CREDITO 2 A 5X
104,ANA CARLOTE,0000016924,5/3/2025,"1.375,00",CREDITO 2 A 5X
104,ANA CARLOTE,0000016924,5/3/2025,"1.375,00",CREDITO 2 A 5X
104,ANA CARLOTE,0000016924,5/3/2025,"1.375,00",CREDITO 2 A 5X
104,ANA CARLOTE,0000016926,5/4/2025,"0,02",
104,ANA CARLOTE,0000016928,5/4/2025,"2.600,00",DINHEIRO
104,ANA CARLOTE,0000016928,5/4/2025,"2.600,00",DINHEIRO
104,ANA CARLOTE,0000016928,5/4/2025,"2.600,00",DINHEIRO
104,ANA CARLOTE,0000016928,5/4/2025,"2.600,00",DINHEIRO
104,ANA CARLOTE,0000016929,5/4/2025,"15,00",DINHEIRO
295,MIGUEL,0000016911,5/1/2025,"914,00",CREDITO 2 A 5X
295,MIGUEL,0000016911,5/1/2025,"914,00",CREDITO 2 A 5X
295,MIGUEL,0000016912,5/1/2025,"215,00",CREDITO 6 A 10X
295,MIGUEL,0000016913,5/1/2025,"371,00",CREDITO 6 A 10X
295,MIGUEL,0000016913,5/1/2025,"300,00",VOUCHER
295,MIGUEL,0000016913,5/1/2025,"899,00",
295,MIGUEL,0000016915,5/2/2025,"509,00",CARTÃO DEBITO
295,MIGUEL,0000016915,5/2/2025,"509,00",CARTÃO DEBITO
295,MIGUEL,0000016915,5/2/2025,"509,00",CREDITO 6 A 10X
295,MIGUEL,0000016916,5/2/2025,"1.736,00",CREDITO 6 A 10X
295,MIGUEL,0000016916,5/2/2025,"1.736,00",CREDITO 2 A 5X
295,MIGUEL,0000016918,5/2/2025,"280,00",CREDITO 2 A 5X
295,MIGUEL,0000016919,5/3/2025,"550,00",CREDITO 6 A 10X
295,MIGUEL,0000016922,5/3/2025,"230,00",CARTÃO DEBITO
295,MIGUEL,0000016930,5/4/2025,"20,00",CARTÃO DEBITO
295,MIGUEL,0000016931,5/5/2025,"230,00",CREDITO 2 A 5X
295,MIGUEL,0000016932,5/5/2025,"1.250,00",CARTÃO DEBITO
295,MIGUEL,0000016932,5/5/2025,"1.250,00",CREDITO 2 A 5X
295,MIGUEL,0000016932,5/5/2025,"1.250,00",CREDITO 2 A 5X
295,MIGUEL,0000016932,5/5/2025,"1.250,00",CARTÃO DEBITO
295,MIGUEL,0000016932,5/5/2025,"1.250,00",CARTÃO DEBITO
427,BONFIN,0000016909,5/1/2025,"230,00",CREDITO 2 A 5X
427,BONFIN,0000016910,5/1/2025,"3.071,00",CREDITO 2 A 5X
427,BONFIN,0000016910,5/1/2025,"3.071,00",DINHEIRO
427,BONFIN,0000016910,5/1/2025,"3.071,00",CARTÃO DEBITO
427,BONFIN,0000016910,5/1/2025,"3.071,00",CARTÃO DEBITO
427,BONFIN,0000016910,5/1/2025,"3.071,00",CARTÃO DEBITO
427,BONFIN,0000016920,5/3/2025,"771,00",CREDITO 2 A 5X
427,BONFIN,0000016923,5/3/2025,"1.059,00",TRANSF BANCARIA
427,BONFIN,0000016923,5/3/2025,"1.059,00",TRANSF BANCARIA
427,BONFIN,0000016925,5/3/2025,"215,00",CREDITO 2 A 5X
427,BONFIN,0000016927,5/4/2025,"767,00",DINHEIRO
427,BONFIN,0000016927,5/4/2025,"767,00",CREDITO 2 A 5X
427,BONFIN,0000016934,5/5/2025,"1.646,00",CREDITO 2 A 5X
498,JOÃO,0000016917,5/2/2025,"230,00",DINHEIRO
498,JOÃO,0000016921,5/3/2025,"1.240,00",DINHEIRO
498,JOÃO,0000016921,5/3/2025,"1.240,00",CREDITO 6 A 10X
365,EDISON,0000062723,4/17/2025,"77,50",CREDITO 6 A 10X
365,EDISON,0000062724,4/17/2025,"20,00",VOUCHER
365,EDISON,0000062724,4/17/2025,"20,00",CREDITO 6 A 10X
365,EDISON,0000062832,4/30/2025,"207,00",CREDITO 6 A 10X
365,EDISON,0000062832,4/30/2025,"207,00",CREDITO 6 A 10X
365,EDISON,0000062837,5/1/2025,"315,00",CREDITO 6 A 10X
365,EDISON,0000062837,5/1/2025,"315,00",CREDITO 6 A 10X
365,EDISON,0000062838,5/1/2025,"235,00",CREDITO 2 A 5X
365,EDISON,0000062840,5/1/2025,"215,00",CARTÃO DEBITO
365,EDISON,0000062841,5/1/2025,"540,00",CARTÃO DEBITO
365,EDISON,0000062841,5/1/2025,"540,00",CARTÃO DEBITO
365,EDISON,0000062841,5/1/2025,"540,00",CREDITO 6 A 10X
365,EDISON,0000062842,5/1/2025,"235,00",CREDITO 6 A 10X
365,EDISON,0000062844,5/2/2025,"235,00",CREDITO 6 A 10X
365,EDISON,0000062845,5/2/2025,"215,00",CREDITO 6 A 10X
365,EDISON,0000062846,5/2/2025,"235,00",CREDITO 6 A 10X
365,EDISON,0000062846,5/2/2025,"235,00",DINHEIRO
365,EDISON,0000062848,5/2/2025,"230,00",DINHEIRO
365,EDISON,0000062851,5/2/2025,"460,00",DINHEIRO
365,EDISON,0000062851,5/2/2025,"460,00",DINHEIRO
365,EDISON,0000062853,5/2/2025,"460,00",DINHEIRO
365,EDISON,0000062853,5/2/2025,"460,00",CREDITO 2 A 5X
365,EDISON,0000062854,5/2/2025,"545,00",CREDITO 2 A 5X
365,EDISON,0000062854,5/2/2025,"545,00",CREDITO 2 A 5X
365,EDISON,0000062855,5/2/2025,"630,00",CREDITO 2 A 5X
365,EDISON,0000062860,5/3/2025,"460,00",CREDITO 1X
365,EDISON,0000062860,5/3/2025,"460,00",CREDITO 6 A 10X
365,EDISON,0000062861,5/3/2025,"200,00",CREDITO 6 A 10X
365,EDISON,0000062863,5/3/2025,"690,00",CREDITO 1X
365,EDISON,0000062863,5/3/2025,"690,00",CREDITO 6 A 10X
365,EDISON,0000062864,5/3/2025,"310,00",CARTÃO DEBITO
365,EDISON,0000062864,5/3/2025,"310,00",CREDITO 6 A 10X
365,EDISON,0000062865,5/3/2025,"215,00",CREDITO 6 A 10X
365,EDISON,0000062866,5/3/2025,"344,50",CREDITO 6 A 10X
365,EDISON,0000062866,5/3/2025,"344,50",CREDITO 6 A 10X
365,EDISON,0000062872,5/3/2025,"230,00",CREDITO 6 A 10X
365,EDISON,0000062873,5/3/2025,"230,00",CARTÃO DEBITO
365,EDISON,0000062883,5/5/2025,"665,00",DINHEIRO
365,EDISON,0000062883,5/5/2025,"665,00",CREDITO 2 A 5X
365,EDISON,0000062885,5/5/2025,"220,00",CREDITO 2 A 5X
365,EDISON,0000062887,5/5/2025,"200,00",CREDITO 2 A 5X
365,EDISON,0000062887,5/5/2025,"200,00",CARTÃO DEBITO
365,EDISON,0000062889,5/5/2025,"230,00",CREDITO 6 A 10X
365,EDISON,0000062890,5/5/2025,"235,00",CREDITO 2 A 5X
365,EDISON,0000062891,5/5/2025,"220,00",CREDITO 2 A 5X
365,EDISON,0000062891,5/5/2025,"220,00",CREDITO 2 A 5X
365,EDISON,0000062892,5/5/2025,"640,00",CREDITO 2 A 5X
365,EDISON,082-006389,5/1/2025,"155,00",CREDITO 2 A 5X
365,EDISON,082-006405,5/3/2025,"230,00",CREDITO 2 A 5X
396,JOAQUIM,0000062847,5/2/2025,"430,00",CREDITO 6 A 10X
396,JOAQUIM,0000062847,5/2/2025,"430,00",CREDITO 6 A 10X
396,JOAQUIM,0000062849,5/2/2025,"100,00",CARTÃO DEBITO
396,JOAQUIM,0000062850,5/2/2025,"645,00",CARTÃO DEBITO
396,JOAQUIM,0000062850,5/2/2025,"645,00",CREDITO 6 A 10X
396,JOAQUIM,0000062850,5/2/2025,"645,00",CREDITO 1X
396,JOAQUIM,0000062867,5/3/2025,"460,00",CREDITO 1X
396,JOAQUIM,0000062867,5/3/2025,"460,00",CREDITO 2 A 5X
396,JOAQUIM,0000062868,5/3/2025,"230,00",CREDITO 2 A 5X
396,JOAQUIM,0000062869,5/3/2025,"550,00",CREDITO 1X
396,JOAQUIM,0000062869,5/3/2025,"550,00",VOUCHER
396,JOAQUIM,0000062869,5/3/2025,"550,00",VOUCHER
396,JOAQUIM,0000062875,5/3/2025,"155,00",VOUCHER
396,JOAQUIM,0000062888,5/5/2025,"840,00",VOUCHER
396,JOAQUIM,0000062888,5/5/2025,"840,00",CREDITO 6 A 10X
520,LEONARDO,0000062852,5/2/2025,"310,00",CREDITO 6 A 10X
520,LEONARDO,0000062852,5/2/2025,"310,00",CREDITO 6 A 10X
520,LEONARDO,0000062857,5/2/2025,"645,00",CARTÃO DEBITO
520,LEONARDO,0000062858,5/2/2025,"235,00",CARTÃO DEBITO
520,LEONARDO,0000062859,5/2/2025,"230,00",VOUCHER
520,LEONARDO,0000062874,5/3/2025,"230,00",DINHEIRO
520,LEONARDO,0000062877,5/3/2025,"470,00",DINHEIRO
520,LEONARDO,0000062877,5/3/2025,"470,00",DINHEIRO
520,LEONARDO,0000062878,5/3/2025,"155,00",DINHEIRO
520,LEONARDO,0000062879,5/4/2025,"230,00",CARTÃO DEBITO
520,LEONARDO,0000062884,5/5/2025,"230,00",CARTÃO DEBITO
520,LEONARDO,0000062894,5/5/2025,"295,00",CARTÃO DEBITO
520,LEONARDO,0000062894,5/5/2025,"295,00",CARTÃO DEBITO
520,LEONARDO,0000062898,5/5/2025,"240,00",CARTÃO DEBITO
520,LEONARDO,0000062898,5/5/2025,"240,00",CARTÃO DEBITO
520,LEONARDO,0000062898,5/5/2025,"240,00",CREDITO 6 A 10X
390,SAMELA,0000045842,5/1/2025,"5.500,00",CREDITO 6 A 10X
390,SAMELA,0000045842,5/1/2025,"5.500,00",CREDITO 6 A 10X
390,SAMELA,0000045842,5/1/2025,"5.500,00",CREDITO 6 A 10X
390,SAMELA,0000045842,5/1/2025,"5.500,00",CREDITO 6 A 10X
390,SAMELA,0000045843,5/1/2025,"5.700,00",CREDITO 6 A 10X
390,SAMELA,0000045843,5/1/2025,"5.700,00",CREDITO 2 A 5X
390,SAMELA,0000045843,5/1/2025,"5.700,00",CARTÃO DEBITO
390,SAMELA,0000045843,5/1/2025,"5.700,00",VOUCHER
390,SAMELA,0000045846,5/1/2025,"1.900,00",CREDITO 6 A 10X
390,SAMELA,0000045846,5/1/2025,"1.900,00",CREDITO 6 A 10X
390,SAMELA,0000045846,5/1/2025,"1.900,00",DINHEIRO
390,SAMELA,0000045849,5/2/2025,"460,00",DINHEIRO
390,SAMELA,0000045849,5/2/2025,"460,00",CREDITO 2 A 5X
390,SAMELA,0000045850,5/2/2025,"470,00",CREDITO 2 A 5X
390,SAMELA,0000045850,5/2/2025,"470,00",CREDITO 2 A 5X
390,SAMELA,0000045855,5/2/2025,"190,00",CREDITO 2 A 5X
390,SAMELA,0000045862,5/3/2025,"460,00",CREDITO 2 A 5X
390,SAMELA,0000045862,5/3/2025,"460,00",CREDITO 2 A 5X
390,SAMELA,0000045863,5/3/2025,"29,90",CREDITO 2 A 5X
390,SAMELA,0000045864,5/3/2025,"978,00",DINHEIRO
390,SAMELA,0000045864,5/3/2025,"978,00",DINHEIRO
390,SAMELA,0000045864,5/3/2025,"978,00",DINHEIRO
390,SAMELA,0000045865,5/3/2025,"369,00",CREDITO 2 A 5X
390,SAMELA,0000045865,5/3/2025,"470,00",
390,SAMELA,0000045867,5/3/2025,"230,00",DINHEIRO
390,SAMELA,0000045868,5/3/2025,"230,00",CARTÃO DEBITO
390,SAMELA,0000045875,5/3/2025,"230,00",CARTÃO DEBITO
390,SAMELA,0000045876,5/3/2025,"230,00",CARTÃO DEBITO
390,SAMELA,0000045878,5/3/2025,"969,00",CREDITO 6 A 10X
390,SAMELA,0000045878,5/3/2025,"969,00",CREDITO 6 A 10X
390,SAMELA,0000045878,5/3/2025,"969,00",DINHEIRO
390,SAMELA,0000045888,5/5/2025,"159,00",DINHEIRO
390,SAMELA,0000045889,5/5/2025,"655,00",DINHEIRO
390,SAMELA,0000045893,5/5/2025,"1.110,00",CREDITO 6 A 10X
390,SAMELA,0000045893,5/5/2025,"1.110,00",CREDITO 6 A 10X
414,EDINALDO,0000045290,3/5/2025,"1.950,00",
414,EDINALDO,0000045751,4/19/2025,"260,00",CREDITO 6 A 10X
414,EDINALDO,0000045751,4/19/2025,"260,00",DINHEIRO
414,EDINALDO,0000045751,4/19/2025,"260,00",DINHEIRO
414,EDINALDO,0000045841,5/1/2025,"950,00",DINHEIRO
414,EDINALDO,0000045841,5/1/2025,"950,00",CREDITO 2 A 5X
414,EDINALDO,0000045845,5/1/2025,"3.039,00",CREDITO 2 A 5X
414,EDINALDO,0000045845,5/1/2025,"3.039,00",CREDITO 2 A 5X
414,EDINALDO,0000045847,5/1/2025,"2.000,00",CREDITO 6 A 10X
414,EDINALDO,0000045847,5/1/2025,"2.000,00",CREDITO 6 A 10X
414,EDINALDO,0000045847,5/1/2025,"2.000,00",CREDITO 6 A 10X
414,EDINALDO,0000045847,5/1/2025,"2.400,00",CREDITO 6 A 10X
414,EDINALDO,0000045847,5/1/2025,"2.400,00",CREDITO 6 A 10X
414,EDINALDO,0000045847,5/1/2025,"2.400,00",CREDITO 6 A 10X
414,EDINALDO,0000045854,5/2/2025,"1.486,00",CREDITO 6 A 10X
414,EDINALDO,0000045854,5/2/2025,"1.486,00",CREDITO 6 A 10X
414,EDINALDO,0000045856,5/2/2025,"1.015,00",CREDITO 6 A 10X
414,EDINALDO,0000045858,5/2/2025,"25,00",CREDITO 6 A 10X
414,EDINALDO,0000045859,5/2/2025,"339,00",CREDITO 6 A 10X
414,EDINALDO,0000045859,5/2/2025,"500,00",CREDITO 6 A 10X
414,EDINALDO,0000045872,5/3/2025,"950,00",CREDITO 2 A 5X
414,EDINALDO,0000045873,5/3/2025,"150,00",CREDITO 6 A 10X
414,EDINALDO,0000045879,5/3/2025,"540,00",CREDITO 6 A 10X
414,EDINALDO,0000045881,5/4/2025,"1.290,00",CREDITO 6 A 10X
414,EDINALDO,0000045882,5/4/2025,"230,00",CREDITO 2 A 5X
414,EDINALDO,0000045883,5/4/2025,"0,02",
414,EDINALDO,0000045885,5/4/2025,"165,00",CREDITO 2 A 5X
414,EDINALDO,0000045892,5/5/2025,"30,00",CREDITO 6 A 10X
414,EDINALDO,0000045895,5/5/2025,"0,02",
414,EDINALDO,0000045896,5/5/2025,"1.250,00",CREDITO 6 A 10X
414,EDINALDO,0000045896,5/5/2025,"1.250,00",CREDITO 6 A 10X
414,EDINALDO,0000045896,5/5/2025,"1.250,00",CREDITO 6 A 10X
429,NETO SILVA,0000045672,4/12/2025,"499,00",
429,NETO SILVA,0000045672,4/12/2025,"499,00",
429,NETO SILVA,0000045844,5/1/2025,"4.199,00",CREDITO 1X
429,NETO SILVA,0000045844,5/1/2025,"4.199,00",CREDITO 6 A 10X
429,NETO SILVA,0000045848,5/1/2025,"2.300,00",CREDITO 6 A 10X
429,NETO SILVA,0000045848,5/1/2025,"2.300,00",CREDITO 6 A 10X
429,NETO SILVA,0000045848,5/1/2025,"2.300,00",CREDITO 6 A 10X
429,NETO SILVA,0000045848,5/1/2025,"2.300,00",CREDITO 6 A 10X
429,NETO SILVA,0000045853,5/2/2025,"660,00",
429,NETO SILVA,0000045857,5/2/2025,"6.000,00",CREDITO 2 A 5X
429,NETO SILVA,0000045857,5/2/2025,"6.000,00",CREDITO 2 A 5X
429,NETO SILVA,0000045857,5/2/2025,"6.000,00",CREDITO 6 A 10X
429,NETO SILVA,0000045857,5/2/2025,"6.000,00",CREDITO 6 A 10X
429,NETO SILVA,0000045857,5/2/2025,"6.000,00",CREDITO 6 A 10X
429,NETO SILVA,0000045870,5/3/2025,"230,00",CREDITO 6 A 10X
429,NETO SILVA,0000045871,5/3/2025,"9.100,00",CREDITO 6 A 10X
429,NETO SILVA,0000045871,5/3/2025,"9.100,00",CREDITO 6 A 10X
429,NETO SILVA,0000045871,5/3/2025,"9.100,00",CREDITO 6 A 10X
429,NETO SILVA,0000045871,5/3/2025,"9.100,00",CREDITO 6 A 10X
429,NETO SILVA,0000045871,5/3/2025,"9.100,00",CREDITO 6 A 10X
429,NETO SILVA,0000045891,5/5/2025,"4.928,00",DINHEIRO
429,NETO SILVA,0000045891,5/5/2025,"4.928,00",CARTÃO DEBITO
429,NETO SILVA,0000045891,5/5/2025,"4.928,00",CREDITO 2 A 5X
429,NETO SILVA,0000045891,5/5/2025,"4.928,00",CREDITO 2 A 5X
44,DANIELA,0000045838,4/30/2025,"770,00",CREDITO 2 A 5X
44,DANIELA,0000045838,4/30/2025,"770,00",CREDITO 6 A 10X
44,DANIELA,0000045860,5/3/2025,"0,02",
44,DANIELA,0000045874,5/3/2025,"1.000,00",CREDITO 6 A 10X
44,DANIELA,0000045874,5/3/2025,"1.000,00",CREDITO 6 A 10X
44,DANIELA,0000045874,5/3/2025,"1.000,00",CREDITO 6 A 10X
44,DANIELA,0000045874,5/3/2025,"3.060,00",CREDITO 6 A 10X
44,DANIELA,0000045874,5/3/2025,"3.060,00",CREDITO 6 A 10X
44,DANIELA,0000045874,5/3/2025,"3.060,00",CREDITO 6 A 10X
44,DANIELA,0000045880,5/3/2025,"920,00",
44,DANIELA,0000045894,5/5/2025,"1.000,00",CREDITO 6 A 10X
44,DANIELA,0000045894,5/5/2025,"1.000,00",CREDITO 2 A 5X
44,DANIELA,0000045894,5/5/2025,"1.000,00",CREDITO 2 A 5X
44,DANIELA,0000045894,5/5/2025,"1.000,00",TRANSF BANCARIA
44,DANIELA,0000045894,5/5/2025,"2.260,00",TRANSF BANCARIA
44,DANIELA,0000045894,5/5/2025,"2.260,00",DINHEIRO
44,DANIELA,0000045894,5/5/2025,"2.260,00",DINHEIRO
44,DANIELA,0000045894,5/5/2025,"2.260,00",DINHEIRO
505,MARIA MINAS,0000045851,5/2/2025,"3.700,00",DINHEIRO
505,MARIA MINAS,0000045851,5/2/2025,"3.700,00",CARTÃO DEBITO
505,MARIA MINAS,0000045851,5/2/2025,"3.700,00",CARTÃO DEBITO
505,MARIA MINAS,0000045866,5/3/2025,"970,00",CARTÃO DEBITO
505,MARIA MINAS,0000045869,5/3/2025,"3.700,00",CARTÃO DEBITO
505,MARIA MINAS,0000045869,5/3/2025,"3.700,00",CARTÃO DEBITO
505,MARIA MINAS,0000045869,5/3/2025,"3.700,00",CARTÃO DEBITO
505,MARIA MINAS,0000045869,5/3/2025,"3.700,00",CARTÃO DEBITO
505,MARIA MINAS,0000045869,5/3/2025,"3.700,00",CREDITO 6 A 10X
505,MARIA MINAS,0000045869,5/3/2025,"3.700,00",CREDITO 6 A 10X
236,EDILENE,0000022455,5/2/2025,"239,00",
236,EDILENE,0000022456,5/2/2025,"650,00",
236,EDILENE,0000022457,5/2/2025,"309,00",CREDITO 6 A 10X
236,EDILENE,0000022458,5/2/2025,"905,00",CREDITO 6 A 10X
236,EDILENE,0000022458,5/2/2025,"905,00",CREDITO 6 A 10X
236,EDILENE,0000022459,5/2/2025,"1.690,00",CREDITO 6 A 10X
236,EDILENE,0000022459,5/2/2025,"1.690,00",CREDITO 2 A 5X
236,EDILENE,0000022459,5/2/2025,"1.690,00",CREDITO 2 A 5X
236,EDILENE,0000022461,5/2/2025,"230,00",CREDITO 2 A 5X
236,EDILENE,0000022463,5/2/2025,"290,00",CREDITO 2 A 5X
236,EDILENE,0000022470,5/5/2025,"299,00",DINHEIRO
236,EDILENE,0000022474,5/5/2025,"1.039,00",DINHEIRO
236,EDILENE,0000022476,5/5/2025,"740,00",CARTÃO DEBITO
236,EDILENE,0000022476,5/5/2025,"740,00",CREDITO 2 A 5X
280,EDILENE,0000022472,5/5/2025,"154,00",CREDITO 2 A 5X
280,EDILENE,0000022473,5/5/2025,"500,00",CREDITO 2 A 5X
280,EDILENE,0000022473,5/5/2025,"500,00",CARTÃO DEBITO
280,EDILENE,0000022473,5/5/2025,"500,00",CARTÃO DEBITO
280,EDILENE,0000022477,5/5/2025,"150,00",CARTÃO DEBITO
83,CLAUDIA,0000022462,5/2/2025,"750,00",CARTÃO DEBITO
83,CLAUDIA,0000022462,5/2/2025,"750,00",CREDITO 6 A 10X
83,CLAUDIA,0000022462,5/2/2025,"750,00",CREDITO 6 A 10X
83,CLAUDIA,0000022464,5/3/2025,"1.150,00",CARTÃO DEBITO
83,CLAUDIA,0000022464,5/3/2025,"1.150,00",CREDITO 6 A 10X
83,CLAUDIA,0000022464,5/3/2025,"1.150,00",CREDITO 6 A 10X
83,CLAUDIA,0000022464,5/3/2025,"1.150,00",TRANSF BANCARIA
83,CLAUDIA,0000022467,5/3/2025,"950,00",CARTÃO DEBITO
83,CLAUDIA,0000022467,5/3/2025,"950,00",CARTÃO DEBITO
83,CLAUDIA,0000022468,5/3/2025,"250,00",CREDITO 2 A 5X
90,ABADIA,0000022460,5/2/2025,"2.359,00",CREDITO 2 A 5X
90,ABADIA,0000022460,5/2/2025,"2.359,00",CREDITO 2 A 5X
90,ABADIA,0000022460,5/2/2025,"2.359,00",CREDITO 2 A 5X
90,ABADIA,0000022460,5/2/2025,"2.359,00",CREDITO 2 A 5X
90,ABADIA,0000022465,5/3/2025,"1.330,00",CREDITO 2 A 5X
90,ABADIA,0000022466,5/3/2025,"884,00",DINHEIRO
90,ABADIA,0000022466,5/3/2025,"884,00",CREDITO 2 A 5X
90,ABADIA,0000022466,5/3/2025,"884,00",CREDITO 2 A 5X
90,ABADIA,0000022469,5/3/2025,"2.100,00",CARTÃO DEBITO
90,ABADIA,0000022469,5/3/2025,"2.100,00",DINHEIRO
90,ABADIA,0000022471,5/5/2025,"324,90",DINHEIRO
90,ABADIA,0000022471,5/5/2025,"324,90",CREDITO 6 A 10X
90,ABADIA,0000022475,5/5/2025,"1.800,00",CREDITO 6 A 10X
90,ABADIA,0000022475,5/5/2025,"1.800,00",CREDITO 6 A 10X
90,ABADIA,0000022478,5/5/2025,"579,00",CREDITO 6 A 10X
268,CARLA,0000006518,4/18/2025,"2.000,00",CARTÃO DEBITO
268,CARLA,0000006518,4/18/2025,"2.000,00",CARTÃO DEBITO
268,CARLA,0000006518,4/18/2025,"2.000,00",CARTÃO DEBITO
268,CARLA,0000006518,4/18/2025,"2.000,00",CARTÃO DEBITO
268,CARLA,0000006552,5/1/2025,"930,00",VOUCHER
268,CARLA,0000006557,5/5/2025,"60,00",CREDITO 2 A 5X
268,CARLA,0000006557,5/5/2025,"60,00",CREDITO 1X
268,CARLA,0000006559,5/5/2025,"844,00",CREDITO 1X
268,CARLA,0000006559,5/5/2025,"844,00",CREDITO 2 A 5X
449,LIRIO,0000006556,5/4/2025,"125,00",CREDITO 6 A 10X
449,LIRIO,0000006556,5/4/2025,"125,00",CREDITO 6 A 10X
449,LIRIO,0000006558,5/5/2025,"489,00",
449,LIRIO,0000006560,5/5/2025,"0,02",
476,BARBOSA,0000006553,5/3/2025,"620,00",CREDITO 2 A 5X
482,ANA PAULA,0000006554,5/3/2025,"859,00",CREDITO 2 A 5X
482,ANA PAULA,0000006555,5/3/2025,"1.388,90",CREDITO 6 A 10X
482,ANA PAULA,0000006555,5/3/2025,"1.388,90",CREDITO 6 A 10X
482,ANA PAULA,0000006555,5/3/2025,"1.388,90",CARTÃO DEBITO
482,ANA PAULA,0000006555,5/3/2025,"1.388,90",CARTÃO DEBITO
121,LUCIMARA,0000012139,5/2/2025,"0,02",
121,LUCIMARA,0000012142,5/2/2025,"300,00",CARTÃO DEBITO
121,LUCIMARA,0000012142,5/2/2025,"300,00",CARTÃO DEBITO
121,LUCIMARA,0000012142,5/2/2025,"300,00",CARTÃO DEBITO
121,LUCIMARA,0000012142,5/2/2025,"300,00",CREDITO 6 A 10X
121,LUCIMARA,0000012142,5/2/2025,"300,00",CREDITO 6 A 10X
121,LUCIMARA,0000012142,5/2/2025,"224,00",CREDITO 6 A 10X
121,LUCIMARA,0000012142,5/2/2025,"224,00",CREDITO 6 A 10X
121,LUCIMARA,0000012142,5/2/2025,"224,00",CREDITO 6 A 10X
121,LUCIMARA,0000012142,5/2/2025,"224,00",CREDITO 1X
121,LUCIMARA,0000012142,5/2/2025,"224,00",CREDITO 1X
121,LUCIMARA,0000012143,5/2/2025,"15,00",CARTÃO DEBITO
121,LUCIMARA,0000012144,5/3/2025,"2.048,00",CARTÃO DEBITO
121,LUCIMARA,0000012144,5/3/2025,"2.048,00",CARTÃO DEBITO
121,LUCIMARA,0000012148,5/5/2025,"0,02",
121,LUCIMARA,0000012149,5/5/2025,"479,00",CARTÃO DEBITO
397,MARIA,0000012131,4/29/2025,"199,00",CARTÃO DEBITO
397,MARIA,0000012131,4/29/2025,"199,00",VOUCHER
397,MARIA,0000012140,5/2/2025,"230,00",CREDITO 6 A 10X
397,MARIA,0000012141,5/2/2025,"350,00",CREDITO 6 A 10X
397,MARIA,0000012145,5/3/2025,"290,00",CREDITO 6 A 10X
397,MARIA,0000012146,5/5/2025,"419,00",CREDITO 6 A 10X
397,MARIA,0000012147,5/5/2025,"520,00",CREDITO 6 A 10X
397,MARIA,0000012147,5/5/2025,"520,00",CARTÃO DEBITO
450,LUCIMARA,0000034132,5/1/2025,"0,01",
450,LUCIMARA,0000034137,5/1/2025,"5.363,00",CREDITO 2 A 5X
450,LUCIMARA,0000034137,5/1/2025,"5.363,00",CREDITO 6 A 10X
450,LUCIMARA,0000034137,5/1/2025,"5.363,00",CREDITO 6 A 10X
450,LUCIMARA,0000034137,5/1/2025,"5.363,00",CREDITO 1X
450,LUCIMARA,0000034138,5/1/2025,"950,00",CREDITO 1X
450,LUCIMARA,0000034139,5/1/2025,"660,00",CREDITO 1X
450,LUCIMARA,0000034140,5/1/2025,"200,00",CREDITO 6 A 10X
450,LUCIMARA,0000034141,5/1/2025,"2.900,00",CREDITO 2 A 5X
450,LUCIMARA,0000034141,5/1/2025,"2.900,00",CREDITO 2 A 5X
450,LUCIMARA,0000034163,5/3/2025,"70,00",VOUCHER
450,LUCIMARA,0000034164,5/3/2025,"3.029,02",VOUCHER
450,LUCIMARA,0000034164,5/3/2025,"3.029,02",VOUCHER
450,LUCIMARA,0000034164,5/3/2025,"3.029,02",VOUCHER
450,LUCIMARA,0000034164,5/3/2025,"3.029,02",CREDITO 6 A 10X
486,AGILIO SANTOS,0000034131,5/1/2025,"0,01",
486,AGILIO SANTOS,0000034133,5/1/2025,"700,00",CREDITO 6 A 10X
486,AGILIO SANTOS,0000034133,5/1/2025,"700,00",CREDITO 6 A 10X
486,AGILIO SANTOS,0000034134,5/1/2025,"765,00",CREDITO 6 A 10X
486,AGILIO SANTOS,0000034135,5/1/2025,"0,01",
486,AGILIO SANTOS,0000034145,5/2/2025,"29,90",CREDITO 6 A 10X
486,AGILIO SANTOS,0000034152,5/2/2025,"5.000,00",CREDITO 6 A 10X
486,AGILIO SANTOS,0000034152,5/2/2025,"5.000,00",CARTÃO DEBITO
486,AGILIO SANTOS,0000034159,5/3/2025,"2.568,00",CARTÃO DEBITO
486,AGILIO SANTOS,0000034159,5/3/2025,"2.568,00",CARTÃO DEBITO
486,AGILIO SANTOS,0000034159,5/3/2025,"2.568,00",CREDITO 6 A 10X
486,AGILIO SANTOS,0000034159,5/3/2025,"2.568,00",CREDITO 2 A 5X
486,AGILIO SANTOS,0000034159,5/3/2025,"2.568,00",CREDITO 2 A 5X
486,AGILIO SANTOS,0000034165,5/3/2025,"210,00",CREDITO 2 A 5X
486,AGILIO SANTOS,0000034170,5/4/2025,"520,00",CARTÃO DEBITO
486,AGILIO SANTOS,0000034170,5/4/2025,"520,00",CREDITO 1X
486,AGILIO SANTOS,0000034171,5/4/2025,"1.300,00",VOUCHER
486,AGILIO SANTOS,0000034174,5/4/2025,"30,00",VOUCHER
486,AGILIO SANTOS,0000034175,5/4/2025,"0,02",
486,AGILIO SANTOS,0000034175,5/4/2025,"0,02",
486,AGILIO SANTOS,0000034176,5/5/2025,"730,00",CARTÃO DEBITO
486,AGILIO SANTOS,0000034177,5/5/2025,"1.400,00",CREDITO 2 A 5X
486,AGILIO SANTOS,0000034177,5/5/2025,"1.400,00",CREDITO 2 A 5X
486,AGILIO SANTOS,0000034177,5/5/2025,"1.400,00",CREDITO 2 A 5X
486,AGILIO SANTOS,0000034177,5/5/2025,"1.400,00",CREDITO 2 A 5X
486,AGILIO SANTOS,0000034178,5/5/2025,"600,00",CREDITO 6 A 10X
486,AGILIO SANTOS,0000034178,5/5/2025,"600,00",CREDITO 6 A 10X
486,AGILIO SANTOS,0000034179,5/5/2025,"149,00",CARTÃO DEBITO
519,KARINA,0000034148,5/2/2025,"2.529,00",CARTÃO DEBITO
519,KARINA,0000034148,5/2/2025,"2.529,00",CREDITO 2 A 5X
519,KARINA,0000034148,5/2/2025,"2.529,00",CREDITO 2 A 5X
519,KARINA,0000034149,5/2/2025,"155,00",CREDITO 2 A 5X
519,KARINA,0000034157,5/3/2025,"329,00",CREDITO 1X
519,KARINA,0000034162,5/3/2025,"496,00",CREDITO 1X
519,KARINA,0000034162,5/3/2025,"496,00",CREDITO 1X
519,KARINA,0000034162,5/3/2025,"496,00",CREDITO 1X
519,KARINA,0000034162,5/3/2025,"496,00",CREDITO 1X
519,KARINA,0000034162,5/3/2025,"496,00",CREDITO 1X
519,KARINA,0000034162,5/3/2025,"3.000,00",VOUCHER
519,KARINA,0000034162,5/3/2025,"3.000,00",CARTÃO DEBITO
519,KARINA,0000034162,5/3/2025,"3.000,00",CARTÃO DEBITO
519,KARINA,0000034162,5/3/2025,"3.000,00",CREDITO 6 A 10X
519,KARINA,0000034162,5/3/2025,"3.000,00",CREDITO 6 A 10X
519,KARINA,0000034172,5/4/2025,"2.525,00",CREDITO 1X
519,KARINA,0000034173,5/4/2025,"3.869,12",CARTÃO DEBITO
519,KARINA,0000034173,5/4/2025,"3.869,12",CREDITO 2 A 5X
519,KARINA,0000034173,5/4/2025,"3.869,12",CREDITO 2 A 5X
519,KARINA,0000034185,5/5/2025,"1.600,00",VOUCHER
519,KARINA,0000034185,5/5/2025,"600,00",CARTÃO DEBITO
523,MATEUS,0000034154,5/2/2025,"2.065,00",CARTÃO DEBITO
523,MATEUS,0000034154,5/2/2025,"2.065,00",CREDITO 2 A 5X
523,MATEUS,0000034154,5/2/2025,"2.065,00",CREDITO 2 A 5X
523,MATEUS,0000034154,5/2/2025,"2.065,00",CARTÃO DEBITO
523,MATEUS,0000034154,5/2/2025,"2.065,00",CARTÃO DEBITO
523,MATEUS,0000034154,5/2/2025,"2.065,00",CARTÃO DEBITO
523,MATEUS,0000034154,5/2/2025,"2.065,00",CREDITO 2 A 5X
61,ELEONORA,0000034110,4/27/2025,"299,00",
61,ELEONORA,0000034144,5/2/2025,"1.618,00",CREDITO 2 A 5X
61,ELEONORA,0000034144,5/2/2025,"1.618,00",CARTÃO DEBITO
61,ELEONORA,0000034144,5/2/2025,"1.618,00",CARTÃO DEBITO
61,ELEONORA,0000034151,5/2/2025,"1.169,00",CARTÃO DEBITO
61,ELEONORA,0000034155,5/2/2025,"185,00",CARTÃO DEBITO
61,ELEONORA,0000034155,5/2/2025,"185,00",CREDITO 1X
61,ELEONORA,0000034160,5/3/2025,"480,00",CARTÃO DEBITO
61,ELEONORA,0000034166,5/3/2025,"235,00",CARTÃO DEBITO
61,ELEONORA,0000034167,5/3/2025,"230,00",CARTÃO DEBITO
61,ELEONORA,0000034168,5/3/2025,"29,90",CARTÃO DEBITO
61,ELEONORA,0000034169,5/3/2025,"2.620,00",CREDITO 6 A 10X
61,ELEONORA,0000034169,5/3/2025,"2.620,00",CREDITO 6 A 10X
61,ELEONORA,0000034169,5/3/2025,"2.620,00",CREDITO 6 A 10X
61,ELEONORA,0000034169,5/3/2025,"2.620,00",CREDITO 6 A 10X
61,ELEONORA,0000034182,5/5/2025,"230,00",CREDITO 2 A 5X
61,ELEONORA,0000034183,5/5/2025,"2.429,00",VOUCHER
61,ELEONORA,0000034183,5/5/2025,"2.429,00",CREDITO 6 A 10X
61,ELEONORA,0000034184,5/5/2025,"205,00",VOUCHER
63,SUZILAINE,0000034143,5/2/2025,"95,00",VOUCHER
63,SUZILAINE,0000034146,5/2/2025,"5.977,00",VOUCHER
63,SUZILAINE,0000034146,5/2/2025,"5.977,00",VOUCHER
63,SUZILAINE,0000034146,5/2/2025,"5.977,00",VOUCHER
63,SUZILAINE,0000034150,5/2/2025,"2.680,00",VOUCHER
63,SUZILAINE,0000034150,5/2/2025,"2.680,00",VOUCHER
63,SUZILAINE,0000034150,5/2/2025,"2.680,00",CARTÃO DEBITO
63,SUZILAINE,0000034158,5/3/2025,"1.000,00",CARTÃO DEBITO
63,SUZILAINE,0000034158,5/3/2025,"1.000,00",CREDITO 6 A 10X
63,SUZILAINE,0000034158,5/3/2025,"1.450,00",CREDITO 6 A 10X
63,SUZILAINE,0000034158,5/3/2025,"1.450,00",CARTÃO DEBITO
63,SUZILAINE,0000034161,5/3/2025,"3.770,00",CARTÃO DEBITO
63,SUZILAINE,0000034161,5/3/2025,"3.770,00",CARTÃO DEBITO
63,SUZILAINE,0000034161,5/3/2025,"3.770,00",CREDITO 2 A 5X
63,SUZILAINE,0000034161,5/3/2025,"3.770,00",CREDITO 2 A 5X
63,SUZILAINE,0000034161,5/3/2025,"3.770,00",DINHEIRO
63,SUZILAINE,0000034161,5/3/2025,"3.770,00",CREDITO 2 A 5X
63,SUZILAINE,0000034161,5/3/2025,"3.770,00",CREDITO 2 A 5X
63,SUZILAINE,0000034161,5/3/2025,"3.770,00",CREDITO 1X
63,SUZILAINE,0000034180,5/5/2025,"235,00",CREDITO 1X
63,SUZILAINE,0000034181,5/5/2025,"1.975,00",CREDITO 6 A 10X
63,SUZILAINE,0000034181,5/5/2025,"1.975,00",CREDITO 1X
423,AMANDA EMILIANO,0000036919,5/2/2025,"0,04",
423,AMANDA EMILIANO,0000036920,5/2/2025,"349,00",
423,AMANDA EMILIANO,0000036921,5/2/2025,"329,00",
423,AMANDA EMILIANO,0000036930,5/3/2025,"499,00",CREDITO 1X
423,AMANDA EMILIANO,0000036930,5/3/2025,"499,00",CREDITO 1X
511,RENATO SILVA ANDRADRE,0000036794,4/13/2025,"130,00",CREDITO 1X
511,RENATO SILVA ANDRADRE,0000036794,4/13/2025,"130,00",TRANSF BANCARIA
511,RENATO SILVA ANDRADRE,0000036933,5/3/2025,"1.020,28",CREDITO 6 A 10X
511,RENATO SILVA ANDRADRE,0000036933,5/3/2025,"1.020,28",CREDITO 6 A 10X
511,RENATO SILVA ANDRADRE,0000036933,5/3/2025,"1.020,28",CREDITO 2 A 5X
525,RENATO SILVA ANDRADRE,0000036924,5/3/2025,"619,00",CREDITO 1X
525,RENATO SILVA ANDRADRE,0000036924,5/3/2025,"619,00",CREDITO 1X
525,RENATO SILVA ANDRADRE,0000036944,5/5/2025,"769,00",CREDITO 1X
71,RENATO SILVA ANDRADRE,0000036771,4/11/2025,"100,00",CREDITO 6 A 10X
71,RENATO SILVA ANDRADRE,0000036771,4/11/2025,"100,00",CREDITO 6 A 10X
71,RENATO SILVA ANDRADRE,0000036849,4/22/2025,"100,00",CREDITO 6 A 10X
71,RENATO SILVA ANDRADRE,0000036849,4/22/2025,"100,00",CARTÃO DEBITO
71,RENATO SILVA ANDRADRE,0000036849,4/22/2025,"100,00",CARTÃO DEBITO
71,RENATO SILVA ANDRADRE,0000036910,5/1/2025,"1.200,00",CARTÃO DEBITO
71,RENATO SILVA ANDRADRE,0000036910,5/1/2025,"1.200,00",CARTÃO DEBITO
71,RENATO SILVA ANDRADRE,0000036911,5/1/2025,"90,00",CARTÃO DEBITO
71,RENATO SILVA ANDRADRE,0000036912,5/1/2025,"400,00",CREDITO 6 A 10X
71,RENATO SILVA ANDRADRE,0000036912,5/1/2025,"400,00",CREDITO 6 A 10X
71,RENATO SILVA ANDRADRE,0000036913,5/2/2025,"2.800,00",CREDITO 6 A 10X
71,RENATO SILVA ANDRADRE,0000036913,5/2/2025,"2.800,00",CREDITO 6 A 10X
71,RENATO SILVA ANDRADRE,0000036914,5/2/2025,"140,00",CREDITO 6 A 10X
71,RENATO SILVA ANDRADRE,0000036915,5/2/2025,"658,00",CREDITO 6 A 10X
71,RENATO SILVA ANDRADRE,0000036915,5/2/2025,"658,00",CARTÃO DEBITO
71,RENATO SILVA ANDRADRE,0000036917,5/2/2025,"2.300,00",CREDITO 1X
71,RENATO SILVA ANDRADRE,0000036917,5/2/2025,"2.300,00",CREDITO 1X
71,RENATO SILVA ANDRADRE,0000036922,5/3/2025,"200,00",CREDITO 1X
71,RENATO SILVA ANDRADRE,0000036922,5/3/2025,"100,00",CREDITO 1X
71,RENATO SILVA ANDRADRE,0000036923,5/3/2025,"1.366,00",CREDITO 1X
71,RENATO SILVA ANDRADRE,0000036923,5/3/2025,"1.366,00",CREDITO 1X
71,RENATO SILVA ANDRADRE,0000036923,5/3/2025,"1.366,00",VOUCHER
71,RENATO SILVA ANDRADRE,0000036925,5/3/2025,"5.200,00",CREDITO 1X
71,RENATO SILVA ANDRADRE,0000036925,5/3/2025,"5.200,00",CREDITO 2 A 5X
71,RENATO SILVA ANDRADRE,0000036925,5/3/2025,"5.200,00",CREDITO 2 A 5X
71,RENATO SILVA ANDRADRE,0000036926,5/3/2025,"230,00",CREDITO 2 A 5X
71,RENATO SILVA ANDRADRE,0000036927,5/3/2025,"3.500,00",CARTÃO DEBITO
71,RENATO SILVA ANDRADRE,0000036927,5/3/2025,"3.500,00",CARTÃO DEBITO
71,RENATO SILVA ANDRADRE,0000036927,5/3/2025,"2.000,00",CARTÃO DEBITO
71,RENATO SILVA ANDRADRE,0000036927,5/3/2025,"2.000,00",CARTÃO DEBITO
71,RENATO SILVA ANDRADRE,0000036928,5/3/2025,"20,00",CARTÃO DEBITO
71,RENATO SILVA ANDRADRE,0000036932,5/3/2025,"800,00",CARTÃO DEBITO
71,RENATO SILVA ANDRADRE,0000036932,5/3/2025,"800,00",CREDITO 2 A 5X
71,RENATO SILVA ANDRADRE,0000036934,5/3/2025,"215,00",CREDITO 2 A 5X
71,RENATO SILVA ANDRADRE,0000036935,5/4/2025,"460,00",CREDITO 2 A 5X
71,RENATO SILVA ANDRADRE,0000036935,5/4/2025,"100,00",CREDITO 2 A 5X
71,RENATO SILVA ANDRADRE,0000036937,5/5/2025,"418,00",CREDITO 2 A 5X
71,RENATO SILVA ANDRADRE,0000036938,5/5/2025,"600,00",CREDITO 2 A 5X
71,RENATO SILVA ANDRADRE,0000036938,5/5/2025,"600,00",CARTÃO DEBITO
71,RENATO SILVA ANDRADRE,0000036939,5/5/2025,"1.100,00",CARTÃO DEBITO
71,RENATO SILVA ANDRADRE,0000036939,5/5/2025,"1.100,00",CARTÃO DEBITO
71,RENATO SILVA ANDRADRE,0000036939,5/5/2025,"1.100,00",CREDITO 2 A 5X
71,RENATO SILVA ANDRADRE,0000036940,5/5/2025,"1.119,00",CREDITO 2 A 5X
71,RENATO SILVA ANDRADRE,0000036940,5/5/2025,"1.119,00",CREDITO 2 A 5X
71,RENATO SILVA ANDRADRE,0000036941,5/5/2025,"230,00",CREDITO 2 A 5X
75,RENATO SILVA ANDRADRE,0000036909,5/1/2025,"4.000,00",VOUCHER
75,RENATO SILVA ANDRADRE,0000036909,5/1/2025,"4.000,00",CARTÃO DEBITO
75,RENATO SILVA ANDRADRE,0000036909,5/1/2025,"4.000,00",CREDITO 6 A 10X
75,RENATO SILVA ANDRADRE,0000036909,5/1/2025,"4.000,00",CREDITO 6 A 10X
75,RENATO SILVA ANDRADRE,0000036916,5/2/2025,"220,00",DINHEIRO
75,RENATO SILVA ANDRADRE,0000036918,5/2/2025,"230,00",CREDITO 2 A 5X
75,RENATO SILVA ANDRADRE,0000036931,5/3/2025,"230,00",CREDITO 2 A 5X
75,RENATO SILVA ANDRADRE,0000036936,5/5/2025,"40,00",DINHEIRO
75,RENATO SILVA ANDRADRE,0000036942,5/5/2025,"3.018,00",DINHEIRO
75,RENATO SILVA ANDRADRE,0000036942,5/5/2025,"3.018,00",CREDITO 6 A 10X
75,RENATO SILVA ANDRADRE,0000036943,5/5/2025,"1.398,00",CREDITO 6 A 10X
75,RENATO SILVA ANDRADRE,0000036943,5/5/2025,"1.398,00",CREDITO 6 A 10X
289,ANARENATORENATORENATORENATORENATORENATORENATO SILVASILVASILVASILVASILVASILVASILVAALVES,0000016575,4/23/2025,"0,01",
289,RENATO SILVA ANDRADRE,0000016608,5/2/2025,"379,90",CREDITO 6 A 10X
289,RENATO SILVA ANDRADRE,0000016608,5/2/2025,"379,90",CREDITO 1X
289,RENATO SILVA ANDRADRE,0000016609,5/2/2025,"918,00",CARTÃO DEBITO
289,RENATO SILVA ANDRADRE,0000016609,5/2/2025,"918,00",CREDITO 1X
289,RENATO SILVA ANDRADRE,0000016609,5/2/2025,"918,00",CREDITO 1X
289,RENATO SILVA ANDRADRE,0000016609,5/2/2025,"918,00",CREDITO 1X
289,RENATO SILVA ANDRADRE,0000016609,5/2/2025,"457,00",CREDITO 6 A 10X
289,RENATO SILVA ANDRADRE,0000016609,5/2/2025,"457,00",CREDITO 6 A 10X
289,RENATO SILVA ANDRADRE,0000016609,5/2/2025,"457,00",CREDITO 6 A 10X
289,RENATO SILVA ANDRADRE,0000016609,5/2/2025,"457,00",CREDITO 6 A 10X
289,RENATO SILVA ANDRADRE,0000016611,5/3/2025,"230,00",CREDITO 1X
289,RENATO SILVA ANDRADRE,0000016611,5/3/2025,"230,00",CREDITO 1X
289,RENATO SILVA ANDRADRE,0000016611,5/3/2025,"230,00",CREDITO 1X
289,RENATO SILVA ANDRADRE,0000016611,5/3/2025,"230,00",CREDITO 1X
289,ANARENATORENATORENATORENATORENATORENATORENATO SILVASILVASILVASILVASILVASILVASILVAALVES,0000016614,5/5/2025,"610,00",
343,ANARENATORENATORENATORENATORENATORENATORENATO SILVASILVASILVASILVASILVASILVASILVACRUZ,0000016606,5/2/2025,"149,00",
343,RENATO SILVA ANDRADRE,0000016610,5/3/2025,"935,00",CREDITO 1X
343,RENATO SILVA ANDRADRE,0000016610,5/3/2025,"935,00",CREDITO 1X
343,RENATO SILVA ANDRADRE,0000016613,5/3/2025,"349,00",CREDITO 1X
343,RENATO SILVA ANDRADRE,0000016615,5/5/2025,"50,00",CREDITO 1X
343,RENATO SILVA ANDRADRE,0000016615,5/5/2025,"50,00",CARTÃO DEBITO
343,RENATO SILVA ANDRADRE,0000016615,5/5/2025,"700,00",CARTÃO DEBITO
343,RENATO SILVA ANDRADRE,0000016615,5/5/2025,"700,00",CREDITO 6 A 10X
343,RENATO SILVA ANDRADRE,0000016615,5/5/2025,"150,00",CREDITO 6 A 10X
343,RENATO SILVA ANDRADRE,0000016615,5/5/2025,"150,00",CREDITO 6 A 10X
504,RENATO SILVA ANDRADRE,0000016605,5/2/2025,"1.270,00",CREDITO 2 A 5X
504,RENATO SILVA ANDRADRE,0000016605,5/2/2025,"1.270,00",CREDITO 2 A 5X
504,RENATO SILVA ANDRADRE,0000016607,5/2/2025,"199,50",CREDITO 6 A 10X
504,RENATO SILVA ANDRADRE,0000016612,5/3/2025,"724,00",CREDITO 2 A 5X
504,RENATO SILVA ANDRADRE,0000016612,5/3/2025,"724,00",CREDITO 6 A 10X
222,RENATO SILVA ANDRADRE,0000024987,2/19/2025,"224,00",CREDITO 2 A 5X
222,RENATO SILVA ANDRADRE,0000025043,3/1/2025,"605,00",CREDITO 1X
222,RENATO SILVA ANDRADRE,0000025043,3/1/2025,"605,00",CARTÃO DEBITO
222,RENATO SILVA ANDRADRE,0000025173,3/26/2025,"150,00",CREDITO 6 A 10X
222,RENATO SILVA ANDRADRE,0000025223,4/3/2025,"200,00",CREDITO 6 A 10X
222,RENATO SILVA ANDRADRE,0000025223,4/3/2025,"200,00",CREDITO 6 A 10X
222,RENATO SILVA ANDRADRE,0000025223,4/3/2025,"200,00",CREDITO 6 A 10X
222,RENATO SILVA ANDRADRE,0000025239,4/5/2025,"100,00",CREDITO 6 A 10X
222,RENATO SILVA ANDRADRE,0000025239,4/5/2025,"100,00",CREDITO 6 A 10X
222,RENATO SILVA ANDRADRE,0000025239,4/5/2025,"100,00",CREDITO 6 A 10X
222,RENATO SILVA ANDRADRE,0000025239,4/5/2025,"100,00",DINHEIRO
222,RENATO SILVA ANDRADRE,0000025325,4/22/2025,"850,00",DINHEIRO
222,RENATO SILVA ANDRADRE,0000025325,4/22/2025,"850,00",DINHEIRO
222,RENATO SILVA ANDRADRE,0000025364,5/2/2025,"250,00",DINHEIRO
222,RENATO SILVA ANDRADRE,0000025364,5/2/2025,"250,00",DINHEIRO
222,RENATO SILVA ANDRADRE,0000025364,5/2/2025,"250,00",CREDITO 1X
222,RENATO SILVA ANDRADRE,0000025368,5/2/2025,"719,00",CREDITO 1X
222,RENATO SILVA ANDRADRE,0000025369,5/2/2025,"850,00",CARTÃO DEBITO
222,RENATO SILVA ANDRADRE,0000025369,5/2/2025,"850,00",CARTÃO DEBITO
222,RENATO SILVA ANDRADRE,0000025375,5/3/2025,"820,00",CREDITO 6 A 10X
222,RENATO SILVA ANDRADRE,0000025375,5/3/2025,"820,00",CREDITO 6 A 10X
222,RENATO SILVA ANDRADRE,0000025382,5/5/2025,"2.000,00",CREDITO 6 A 10X
222,RENATO SILVA ANDRADRE,0000025382,5/5/2025,"2.000,00",CREDITO 6 A 10X
222,RENATO SILVA ANDRADRE,0000025382,5/5/2025,"2.000,00",CREDITO 6 A 10X
285,RENATO SILVA ANDRADRE,0000025390,5/5/2025,"2.620,00",CREDITO 6 A 10X
285,RENATO SILVA ANDRADRE,0000025390,5/5/2025,"2.620,00",CREDITO 6 A 10X
285,RENATO SILVA ANDRADRE,0000025391,5/5/2025,"2.490,00",CREDITO 6 A 10X
285,RENATO SILVA ANDRADRE,0000025391,5/5/2025,"2.490,00",CREDITO 6 A 10X
285,RENATO SILVA ANDRADRE,0000025391,5/5/2025,"2.490,00",DINHEIRO
495,RENATO SILVA ANDRADRE,0000025366,5/2/2025,"2.830,00",CARTÃO DEBITO
495,RENATO SILVA ANDRADRE,0000025366,5/2/2025,"2.830,00",TRANSF BANCARIA
495,RENATO SILVA ANDRADRE,0000025366,5/2/2025,"0,02",VOUCHER
495,RENATO SILVA ANDRADRE,0000025366,5/2/2025,"0,02",DINHEIRO
495,RENATO SILVA ANDRADRE,0000025371,5/3/2025,"1.100,00",VOUCHER
495,RENATO SILVA ANDRADRE,0000025383,5/5/2025,"379,00",VOUCHER
506,RENATO SILVA ANDRADRE,0000025373,5/3/2025,"100,00",VOUCHER
506,RENATO SILVA ANDRADRE,0000025373,5/3/2025,"100,00",VOUCHER
506,RENATO SILVA ANDRADRE,0000025386,5/5/2025,"155,00",CREDITO 6 A 10X
506,RENATO SILVA ANDRADRE,0000025388,5/5/2025,"1.400,00",CREDITO 6 A 10X
506,RENATO SILVA ANDRADRE,0000025388,5/5/2025,"1.400,00",CREDITO 6 A 10X
506,RENATO SILVA ANDRADRE,0000025388,5/5/2025,"100,00",CREDITO 6 A 10X
506,RENATO SILVA ANDRADRE,0000025388,5/5/2025,"100,00",CREDITO 6 A 10X
506,RENATO SILVA ANDRADRE,0000025389,5/5/2025,"250,00",CREDITO 6 A 10X
506,RENATO SILVA ANDRADRE,0000025389,5/5/2025,"250,00",VOUCHER
85,RENATO SILVA ANDRADRE,0000025367,5/2/2025,"700,00",VOUCHER
85,RENATO SILVA ANDRADRE,0000025367,5/2/2025,"700,00",CREDITO 6 A 10X
85,RENATO SILVA ANDRADRE,0000025370,5/2/2025,"5.890,00",CREDITO 6 A 10X
85,RENATO SILVA ANDRADRE,0000025370,5/2/2025,"5.890,00",CREDITO 2 A 5X
85,RENATO SILVA ANDRADRE,0000025370,5/2/2025,"5.890,00",CREDITO 6 A 10X
85,RENATO SILVA ANDRADRE,0000025370,5/2/2025,"5.890,00",CREDITO 6 A 10X
85,RENATO SILVA ANDRADRE,0000025370,5/2/2025,"5.890,00",CREDITO 6 A 10X
85,RENATO SILVA ANDRADRE,0000025370,5/2/2025,"5.890,00",CREDITO 1X
85,RENATO SILVA ANDRADRE,0000025370,5/2/2025,"5.890,00",CARTÃO DEBITO
85,RENATO SILVA ANDRADRE,0000025372,5/3/2025,"488,00",DINHEIRO
85,RENATO SILVA ANDRADRE,0000025372,5/3/2025,"488,00",CREDITO 6 A 10X
85,RENATO SILVA ANDRADRE,0000025372,5/3/2025,"488,00",CREDITO 6 A 10X
85,RENATO SILVA ANDRADRE,0000025374,5/3/2025,"2.480,00",CREDITO 6 A 10X
85,RENATO SILVA ANDRADRE,0000025374,5/3/2025,"2.480,00",VOUCHER
85,RENATO SILVA ANDRADRE,0000025374,5/3/2025,"2.480,00",VOUCHER
85,RENATO SILVA ANDRADRE,0000025374,5/3/2025,"2.480,00",CREDITO 6 A 10X
85,RENATO SILVA ANDRADRE,0000025374,5/3/2025,"2.480,00",CREDITO 6 A 10X
85,RENATO SILVA ANDRADRE,0000025374,5/3/2025,"2.480,00",CREDITO 6 A 10X
85,RENATO SILVA ANDRADRE,0000025376,5/3/2025,"500,00",CREDITO 6 A 10X
85,RENATO SILVA ANDRADRE,0000025376,5/3/2025,"500,00",CREDITO 6 A 10X
85,RENATO SILVA ANDRADRE,0000025377,5/3/2025,"3.300,00",CREDITO 6 A 10X
85,RENATO SILVA ANDRADRE,0000025381,5/5/2025,"1.850,00",CREDITO 6 A 10X
85,RENATO SILVA ANDRADRE,0000025385,5/5/2025,"2.300,00",CREDITO 6 A 10X
85,RENATO SILVA ANDRADRE,0000025385,5/5/2025,"2.300,00",CREDITO 6 A 10X
85,RENATO SILVA ANDRADRE,0000025385,5/5/2025,"2.300,00",CREDITO 2 A 5X
85,RENATO SILVA ANDRADRE,0000025385,5/5/2025,"2.300,00",CREDITO 6 A 10X
89,RENATO SILVA ANDRADRE,0000025365,5/2/2025,"685,00",CREDITO 6 A 10X
89,RENATO SILVA ANDRADRE,0000025365,5/2/2025,"685,00",VOUCHER
89,RENATO SILVA ANDRADRE,0000025365,5/2/2025,"685,00",CARTÃO DEBITO
89,RENATO SILVA ANDRADRE,0000025365,5/2/2025,"685,00",CARTÃO DEBITO
89,RENATO SILVA ANDRADRE,0000025378,5/3/2025,"350,00",CARTÃO DEBITO
89,RENATO SILVA ANDRADRE,0000025378,5/3/2025,"350,00",CARTÃO DEBITO
89,RENATO SILVA ANDRADRE,0000025378,5/3/2025,"350,00",CREDITO 1X
89,MARCIARENATORENATORENATORENATORENATORENATORENATO SILVASILVASILVASILVASILVASILVASILVAANDRADE,0000025380,5/5/2025,"730,00",
89,RENATO SILVA ANDRADRE,0000025384,5/5/2025,"600,00",CREDITO 1X
89,RENATO SILVA ANDRADRE,0000025384,5/5/2025,"600,00",CREDITO 2 A 5X
339,RENATO SILVA ANDRADRE,0000014839,5/2/2025,"29,90",CARTÃO DEBITO
417,RENATO SILVA ANDRADRE,0000014840,5/2/2025,"390,00",DINHEIRO
417,RENATO SILVA ANDRADRE,0000014840,5/2/2025,"390,00",CREDITO 6 A 10X
417,RENATO SILVA ANDRADRE,0000014842,5/5/2025,"230,00",CREDITO 6 A 10X
417,RENATO SILVA ANDRADRE,0000014843,5/5/2025,"908,00",CREDITO 6 A 10X
417,RENATO SILVA ANDRADRE,0000014843,5/5/2025,"908,00",CREDITO 6 A 10X
417,RENATO SILVA ANDRADRE,0000014843,5/5/2025,"908,00",CREDITO 6 A 10X
417,RENATO SILVA ANDRADRE,0000014846,5/5/2025,"837,00",VOUCHER
417,RENATO SILVA ANDRADRE,0000014846,5/5/2025,"837,00",CREDITO 2 A 5X
451,RENATO SILVA ANDRADRE,0000014795,4/12/2025,"490,00",CREDITO 1X
451,RENATO SILVA ANDRADRE,0000014795,4/12/2025,"490,00",CREDITO 6 A 10X
451,RENATO SILVA ANDRADRE,0000014838,5/2/2025,"205,00",CREDITO 6 A 10X
451,RENATO SILVA ANDRADRE,0000014847,5/5/2025,"630,00",CREDITO 6 A 10X
451,RENATO SILVA ANDRADRE,0000014847,5/5/2025,"630,00",CREDITO 6 A 10X
349,RENATO SILVA ANDRADRE,0000016486,5/3/2025,"2.050,00",CREDITO 6 A 10X
349,RENATO SILVA ANDRADRE,0000016486,5/3/2025,"2.050,00",CREDITO 1X
349,RENATO SILVA ANDRADRE,0000016486,5/3/2025,"2.050,00",CREDITO 2 A 5X
349,RENATO SILVA ANDRADRE,0000016486,5/3/2025,"2.050,00",CREDITO 2 A 5X
349,RENATO SILVA ANDRADRE,0000016486,5/3/2025,"2.050,00",CREDITO 2 A 5X
349,RENATO SILVA ANDRADRE,0000016486,5/3/2025,"2.050,00",CREDITO 2 A 5X
349,RENATO SILVA ANDRADRE,0000016486,5/3/2025,"2.050,00",CREDITO 2 A 5X
349,RENATO SILVA ANDRADRE,0000016486,5/3/2025,"2.050,00",CREDITO 6 A 10X
349,RENATO SILVA ANDRADRE,0000016486,5/3/2025,"2.050,00",CREDITO 6 A 10X
349,RENATO SILVA ANDRADRE,0000016486,5/3/2025,"2.050,00",TRANSF BANCARIA
349,RENATO SILVA ANDRADRE,0000016486,5/3/2025,"2.050,00",TRANSF BANCARIA
349,RENATO SILVA ANDRADRE,0000016486,5/3/2025,"2.050,00",CREDITO 6 A 10X
349,RENATO SILVA ANDRADRE,0000016489,5/5/2025,"230,00",CREDITO 6 A 10X
349,RENATO SILVA ANDRADRE,0000016495,5/5/2025,"100,00",CREDITO 6 A 10X
349,RENATO SILVA ANDRADRE,0000016495,5/5/2025,"150,00",CREDITO 6 A 10X
349,RENATO SILVA ANDRADRE,0000016496,5/5/2025,"1.000,00",CREDITO 6 A 10X
349,RENATO SILVA ANDRADRE,0000016496,5/5/2025,"1.000,00",CREDITO 6 A 10X
349,RENATO SILVA ANDRADRE,0000016496,5/5/2025,"1.000,00",CREDITO 6 A 10X
387,JAQUELINERENATORENATORENATORENATORENATORENATORENATO SILVASILVASILVASILVASILVASILVASILVASILVA,0000016478,5/2/2025,"0,02",
387,RENATO SILVA ANDRADRE,0000016480,5/2/2025,"1.000,00",CREDITO 6 A 10X
387,RENATO SILVA ANDRADRE,0000016480,5/2/2025,"1.000,00",CARTÃO DEBITO
387,RENATO SILVA ANDRADRE,0000016480,5/2/2025,"1.000,00",TRANSF BANCARIA
387,RENATO SILVA ANDRADRE,0000016480,5/2/2025,"1.000,00",CREDITO 1X
387,RENATO SILVA ANDRADRE,0000016480,5/2/2025,"1.000,00",DINHEIRO
387,RENATO SILVA ANDRADRE,0000016482,5/2/2025,"399,00",CREDITO 6 A 10X
387,RENATO SILVA ANDRADRE,0000016491,5/5/2025,"1.100,00",CREDITO 6 A 10X
387,RENATO SILVA ANDRADRE,0000016491,5/5/2025,"1.100,00",CREDITO 6 A 10X
387,RENATO SILVA ANDRADRE,0000016491,5/5/2025,"1.100,00",CREDITO 6 A 10X
387,RENATO SILVA ANDRADRE,018-021150,5/5/2025,"1.200,00",CREDITO 6 A 10X
387,RENATO SILVA ANDRADRE,018-021150,5/5/2025,"1.200,00",CREDITO 6 A 10X
483,KARLARENATORENATORENATORENATORENATORENATORENATO SILVASILVASILVASILVASILVASILVASILVASOUZA,0000015816,12/6/2024,"1.000,00",
483,KARLARENATORENATORENATORENATORENATORENATORENATO SILVASILVASILVASILVASILVASILVASILVASOUZA,0000015816,12/6/2024,"1.000,00",
483,KARLARENATORENATORENATORENATORENATORENATORENATO SILVASILVASILVASILVASILVASILVASILVASOUZA,0000015816,12/6/2024,"1.000,00",
58,RENATO SILVA ANDRADRE,0000016446,4/22/2025,"155,00",CREDITO 2 A 5X
58,RENATO SILVA ANDRADRE,0000016456,4/25/2025,"80,00",CREDITO 6 A 10X
58,RENATO SILVA ANDRADRE,0000016477,5/2/2025,"200,00",CREDITO 6 A 10X
58,MARIANARENATORENATORENATORENATORENATORENATORENATO SILVASILVASILVASILVASILVASILVASILVAMERCHIANI,0000016479,5/2/2025,"0,01",
58,RENATO SILVA ANDRADRE,0000016481,5/2/2025,"2.900,00",CREDITO 6 A 10X
58,RENATO SILVA ANDRADRE,0000016481,5/2/2025,"2.900,00",CREDITO 6 A 10X
58,RENATO SILVA ANDRADRE,0000016481,5/2/2025,"2.900,00",CREDITO 6 A 10X
58,RENATO SILVA ANDRADRE,0000016483,5/2/2025,"900,00",CARTÃO DEBITO
58,RENATO SILVA ANDRADRE,0000016483,5/2/2025,"900,00",CARTÃO DEBITO
58,MARIANARENATORENATORENATORENATORENATORENATORENATO SILVASILVASILVASILVASILVASILVASILVAMERCHIANI,0000016484,5/3/2025,"0,02",
58,MARIANARENATORENATORENATORENATORENATORENATORENATO SILVASILVASILVASILVASILVASILVASILVAMERCHIANI,0000016484,5/3/2025,"0,02",
58,MARIANARENATORENATORENATORENATORENATORENATORENATO SILVASILVASILVASILVASILVASILVASILVAMERCHIANI,0000016485,5/3/2025,"0,04",
58,MARIANARENATORENATORENATORENATORENATORENATORENATO SILVASILVASILVASILVASILVASILVASILVAMERCHIANI,0000016487,5/3/2025,"0,01",
58,MARIANARENATORENATORENATORENATORENATORENATORENATO SILVASILVASILVASILVASILVASILVASILVAMERCHIANI,0000016488,5/3/2025,"0,01",
58,RENATO SILVA ANDRADRE,0000016490,5/5/2025,"1.100,00",CREDITO 6 A 10X
58,RENATO SILVA ANDRADRE,0000016490,5/5/2025,"1.100,00",CREDITO 6 A 10X
58,RENATO SILVA ANDRADRE,0000016490,5/5/2025,"1.100,00",CREDITO 6 A 10X
58,RENATO SILVA ANDRADRE,0000016492,5/5/2025,"2.450,00",CREDITO 6 A 10X
58,RENATO SILVA ANDRADRE,0000016492,5/5/2025,"2.450,00",CREDITO 6 A 10X
58,RENATO SILVA ANDRADRE,0000016492,5/5/2025,"2.450,00",CREDITO 2 A 5X
58,RENATO SILVA ANDRADRE,0000016492,5/5/2025,"2.450,00",CREDITO 2 A 5X
58,RENATO SILVA ANDRADRE,0000016493,5/5/2025,"120,00",CREDITO 6 A 10X
58,RENATO SILVA ANDRADRE,0000016497,5/5/2025,"900,00",CREDITO 6 A 10X
58,RENATO SILVA ANDRADRE,0000016497,5/5/2025,"900,00",CREDITO 6 A 10X
58,RENATO SILVA ANDRADRE,0000016497,5/5/2025,"900,00",CREDITO 1X
58,RENATO SILVA ANDRADRE,0000016498,5/5/2025,"639,00",CREDITO 2 A 5X
58,RENATO SILVA ANDRADRE,018-021144,5/3/2025,"198,00",CREDITO 2 A 5X
310,RENATO SILVA ANDRADRE,0000011472,5/2/2025,"369,00",TRANSF BANCARIA
310,RENATO SILVA ANDRADRE,0000011472,5/2/2025,"369,00",CREDITO 2 A 5X
310,RENATO SILVA ANDRADRE,0000011472,5/2/2025,"369,00",CREDITO 2 A 5X
310,RENATO SILVA ANDRADRE,0000011473,5/3/2025,"1.360,00",CREDITO 2 A 5X
310,RENATO SILVA ANDRADRE,0000011473,5/3/2025,"1.360,00",CREDITO 6 A 10X
310,RENATO SILVA ANDRADRE,0000011474,5/3/2025,"299,00",CREDITO 6 A 10X
310,RENATO SILVA ANDRADRE,0000011476,5/3/2025,"705,00",TRANSF BANCARIA
310,RENATO SILVA ANDRADRE,0000011476,5/3/2025,"705,00",TRANSF BANCARIA
310,RENATO SILVA ANDRADRE,0000011477,5/3/2025,"749,00",CREDITO 6 A 10X
487,RENATO SILVA ANDRADRE,0000011475,5/3/2025,"833,00",CREDITO 6 A 10X
487,RENATO SILVA ANDRADRE,0000011475,5/3/2025,"833,00",TRANSF BANCARIA
487,RENATO SILVA ANDRADRE,0000011478,5/5/2025,"763,20",TRANSF BANCARIA
487,RENATO SILVA ANDRADRE,0000011478,5/5/2025,"763,20",CARTÃO DEBITO
487,RENATO SILVA ANDRADRE,0000011482,5/5/2025,"100,00",CARTÃO DEBITO
522,RENATO SILVA ANDRADRE,0000011470,5/1/2025,"58,80",CREDITO 2 A 5X
522,RENATO SILVA ANDRADRE,0000011471,5/2/2025,"2.990,00",CREDITO 2 A 5X
522,RENATO SILVA ANDRADRE,0000011471,5/2/2025,"2.990,00",CREDITO 2 A 5X
522,RENATO SILVA ANDRADRE,0000011471,5/2/2025,"2.990,00",CREDITO 2 A 5X
522,RENATO SILVA ANDRADRE,0000011480,5/5/2025,"150,00",CREDITO 2 A 5X
363,RENATO SILVA ANDRADRE,0000009720,5/4/2025,"890,00",TRANSF BANCARIA
363,RENATO SILVA ANDRADRE,0000009725,5/5/2025,"529,00",TRANSF BANCARIA
363,RENATO SILVA ANDRADRE,0000009725,5/5/2025,"529,00",TRANSF BANCARIA
368,RENATO SILVA ANDRADRE,0000009713,5/1/2025,"150,00",CREDITO 2 A 5X
368,RENATO SILVA ANDRADRE,0000009715,5/3/2025,"919,00",CREDITO 2 A 5X
368,RENATO SILVA ANDRADRE,0000009717,5/3/2025,"829,00",CARTÃO DEBITO
368,RENATO SILVA ANDRADRE,0000009718,5/3/2025,"230,00",TRANSF BANCARIA
368,RENATO SILVA ANDRADRE,0000009721,5/4/2025,"4.200,00",TRANSF BANCARIA
368,RENATO SILVA ANDRADRE,0000009721,5/4/2025,"4.200,00",TRANSF BANCARIA
368,RENATO SILVA ANDRADRE,0000009721,5/4/2025,"4.200,00",CARTÃO DEBITO
368,RENATO SILVA ANDRADRE,0000009721,5/4/2025,"4.200,00",CARTÃO DEBITO
368,RENATO SILVA ANDRADRE,0000009721,5/4/2025,"4.200,00",CREDITO 1X
368,RENATO SILVA ANDRADRE,0000009721,5/4/2025,"4.200,00",TRANSF BANCARIA
368,RENATO SILVA ANDRADRE,0000009721,5/4/2025,"4.200,00",CARTÃO DEBITO
368,RENATO SILVA ANDRADRE,0000009722,5/5/2025,"150,00",CARTÃO DEBITO
368,RENATO SILVA ANDRADRE,0000009723,5/5/2025,"120,00",CARTÃO DEBITO
368,CRISTINARENATORENATORENATORENATORENATORENATORENATO SILVASILVASILVASILVASILVASILVASILVATHOCHI,0000009724,5/5/2025,"0,01",
469,RENATO SILVA ANDRADRE,0000009701,4/25/2025,"780,00",CARTÃO DEBITO
469,RENATO SILVA ANDRADRE,0000009701,4/25/2025,"780,00",CREDITO 1X
492,RENATO SILVA ANDRADRE,0000009714,5/1/2025,"2.200,00",CREDITO 2 A 5X
492,RENATO SILVA ANDRADRE,0000009714,5/1/2025,"360,00",CREDITO 2 A 5X
492,RENATO SILVA ANDRADRE,0000009714,5/1/2025,"2.200,00",CREDITO 2 A 5X
492,RENATO SILVA ANDRADRE,0000009714,5/1/2025,"360,00",TRANSF BANCARIA
492,RENATO SILVA ANDRADRE,0000009714,5/1/2025,"360,00",TRANSF BANCARIA
492,RENATO SILVA ANDRADRE,0000009714,5/1/2025,"2.200,00",CARTÃO DEBITO
492,RENATO SILVA ANDRADRE,0000009714,5/1/2025,"2.200,00",CARTÃO DEBITO
492,RENATO SILVA ANDRADRE,0000009714,5/1/2025,"2.200,00",CREDITO 2 A 5X
492,RENATO SILVA ANDRADRE,0000009714,5/1/2025,"360,00",CREDITO 2 A 5X
492,RENATO SILVA ANDRADRE,0000009714,5/1/2025,"360,00",CREDITO 2 A 5X
492,RENATO SILVA ANDRADRE,0000009719,5/3/2025,"11.250,00",CREDITO 1X
492,RENATO SILVA ANDRADRE,0000009719,5/3/2025,"11.250,00",CREDITO 2 A 5X
492,RENATO SILVA ANDRADRE,0000009719,5/3/2025,"11.250,00",CREDITO 2 A 5X
492,RENATO SILVA ANDRADRE,0000009719,5/3/2025,"11.250,00",CARTÃO DEBITO
492,RENATO SILVA ANDRADRE,0000009719,5/3/2025,"11.250,00",CREDITO 2 A 5X
492,RENATO SILVA ANDRADRE,0000009719,5/3/2025,"11.250,00",CREDITO 2 A 5X
492,RENATO SILVA ANDRADRE,0000009719,5/3/2025,"11.250,00",CREDITO 2 A 5X
492,RENATO SILVA ANDRADRE,0000009719,5/3/2025,"11.250,00",CREDITO 2 A 5X
422,RENATO SILVA ANDRADRE,0000013658,4/21/2025,"500,00",CARTÃO DEBITO
422,RENATO SILVA ANDRADRE,0000013658,4/21/2025,"500,00",CREDITO 2 A 5X
422,RENATO SILVA ANDRADRE,0000013658,4/21/2025,"500,00",CREDITO 2 A 5X
422,RENATO SILVA ANDRADRE,0000013677,5/1/2025,"1.500,00",CREDITO 2 A 5X
422,RENATO SILVA ANDRADRE,0000013677,5/1/2025,"1.500,00",CREDITO 6 A 10X
422,RENATO SILVA ANDRADRE,0000013677,5/1/2025,"1.500,00",CREDITO 6 A 10X
422,RENATO SILVA ANDRADRE,0000013685,5/3/2025,"850,00",CREDITO 6 A 10X
422,RENATO SILVA ANDRADRE,0000013685,5/3/2025,"850,00",CREDITO 6 A 10X
422,RENATO SILVA ANDRADRE,0000013685,5/3/2025,"850,00",CREDITO 2 A 5X
422,RENATO SILVA ANDRADRE,0000013688,5/4/2025,"1.329,00",CARTÃO DEBITO
496,RENATO SILVA ANDRADRE,0000013676,5/1/2025,"90,00",CREDITO 2 A 5X
496,RENATO SILVA ANDRADRE,0000013678,5/2/2025,"29,90",CREDITO 2 A 5X
496,RENATO SILVA ANDRADRE,0000013681,5/3/2025,"999,00",TRANSF BANCARIA
496,RENATO SILVA ANDRADRE,0000013684,5/3/2025,"762,68",TRANSF BANCARIA
496,RENATO SILVA ANDRADRE,0000013684,5/3/2025,"762,68",CREDITO 2 A 5X
496,RENATO SILVA ANDRADRE,0000013687,5/3/2025,"600,00",CREDITO 2 A 5X
496,RENATO SILVA ANDRADRE,0000013687,5/3/2025,"600,00",CREDITO 2 A 5X
496,RENATO SILVA ANDRADRE,0000013687,5/3/2025,"600,00",CREDITO 2 A 5X
496,RENATO SILVA ANDRADRE,0000013687,5/3/2025,"600,00",CREDITO 2 A 5X
496,RENATO SILVA ANDRADRE,0000013687,5/3/2025,"600,00",CREDITO 2 A 5X
496,RENATO SILVA ANDRADRE,0000013687,5/3/2025,"600,00",CREDITO 2 A 5X
496,RENATO SILVA ANDRADRE,0000013689,5/5/2025,"1.109,00",CREDITO 2 A 5X
496,RENATO SILVA ANDRADRE,0000013689,5/5/2025,"1.109,00",CREDITO 2 A 5X
496,RENATO SILVA ANDRADRE,0000013691,5/5/2025,"4.000,00",TRANSF BANCARIA
496,RENATO SILVA ANDRADRE,0000013691,5/5/2025,"4.000,00",TRANSF BANCARIA
496,RENATO SILVA ANDRADRE,0000013691,5/5/2025,"4.000,00",CREDITO 2 A 5X
496,RENATO SILVA ANDRADRE,0000013691,5/5/2025,"4.000,00",CREDITO 2 A 5X
496,RENATO SILVA ANDRADRE,0000013691,5/5/2025,"4.000,00",CREDITO 2 A 5X
507,RENATO SILVA ANDRADRE,0000013679,5/3/2025,"589,00",CARTÃO DEBITO
507,RENATO SILVA ANDRADRE,0000013679,5/3/2025,"589,00",CARTÃO DEBITO
507,RENATO SILVA ANDRADRE,0000013679,5/3/2025,"589,00",CARTÃO DEBITO
507,RENATO SILVA ANDRADRE,0000013679,5/3/2025,"589,00",CARTÃO DEBITO
507,RENATO SILVA ANDRADRE,0000013682,5/3/2025,"657,00",CARTÃO DEBITO
507,RENATO SILVA ANDRADRE,0000013682,5/3/2025,"657,00",CARTÃO DEBITO
507,RENATO SILVA ANDRADRE,0000013683,5/3/2025,"270,00",CREDITO 2 A 5X
507,RENATO SILVA ANDRADRE,0000013686,5/3/2025,"850,00",CREDITO 2 A 5X
507,RENATO SILVA ANDRADRE,0000013686,5/3/2025,"850,00",CREDITO 2 A 5X
507,RENATO SILVA ANDRADRE,0000013692,5/5/2025,"2.576,00",CREDITO 2 A 5X
507,RENATO SILVA ANDRADRE,0000013692,5/5/2025,"2.576,00",CREDITO 6 A 10X
507,RENATO SILVA ANDRADRE,0000013692,5/5/2025,"2.576,00",CREDITO 6 A 10X
507,RENATO SILVA ANDRADRE,0000013692,5/5/2025,"2.576,00",CREDITO 6 A 10X
521,RENATO SILVA ANDRADRE,0000013680,5/3/2025,"20,00",CREDITO 6 A 10X
139,RENATO SILVA ANDRADRE,0000038104,4/22/2025,"105,00",CREDITO 6 A 10X
139,RENATO SILVA ANDRADRE,0000038104,4/22/2025,"105,00",CREDITO 2 A 5X
139,RENATO SILVA ANDRADRE,0000038153,5/2/2025,"560,00",CREDITO 2 A 5X
139,RENATO SILVA ANDRADRE,0000038153,5/2/2025,"560,00",CREDITO 2 A 5X
139,RENATO SILVA ANDRADRE,0000038153,5/2/2025,"560,00",TRANSF BANCARIA
139,RENATO SILVA ANDRADRE,0000038169,5/5/2025,"494,00",TRANSF BANCARIA
139,RENATO SILVA ANDRADRE,0000038169,5/5/2025,"494,00",CARTÃO DEBITO
139,RENATO SILVA ANDRADRE,0000038171,5/5/2025,"950,00",CREDITO 6 A 10X
139,RENATO SILVA ANDRADRE,0000038171,5/5/2025,"950,00",CARTÃO DEBITO
140,RENATO SILVA ANDRADRE,0000038139,4/28/2025,"560,00",CARTÃO DEBITO
140,RENATO SILVA ANDRADRE,0000038139,4/28/2025,"560,00",CREDITO 2 A 5X
140,RENATO SILVA ANDRADRE,0000038157,5/2/2025,"400,00",CREDITO 2 A 5X
140,RENATO SILVA ANDRADRE,0000038157,5/2/2025,"400,00",CREDITO 2 A 5X
140,RENATO SILVA ANDRADRE,0000038158,5/2/2025,"740,00",CREDITO 2 A 5X
140,RENATO SILVA ANDRADRE,0000038158,5/2/2025,"740,00",CREDITO 2 A 5X
140,RENATO SILVA ANDRADRE,0000038158,5/2/2025,"740,00",CREDITO 2 A 5X
140,RENATO SILVA ANDRADRE,0000038159,5/3/2025,"630,00",CREDITO 2 A 5X
140,RENATO SILVA ANDRADRE,0000038159,5/3/2025,"630,00",CREDITO 2 A 5X
140,RENATO SILVA ANDRADRE,0000038159,5/3/2025,"630,00",CREDITO 2 A 5X
140,RENATO SILVA ANDRADRE,0000038164,5/3/2025,"200,00",CREDITO 1X
140,RENATO SILVA ANDRADRE,0000038165,5/3/2025,"10,00",CREDITO 6 A 10X
140,RENATO SILVA ANDRADRE,0000038168,5/3/2025,"170,00",CREDITO 6 A 10X
140,RENATO SILVA ANDRADRE,0000038168,5/3/2025,"60,00",CREDITO 2 A 5X
140,RENATO SILVA ANDRADRE,0000038172,5/5/2025,"10,00",DINHEIRO
224,RENATO SILVA ANDRADRE,0000038120,4/25/2025,"450,00",CARTÃO DEBITO
224,RENATO SILVA ANDRADRE,0000038120,4/25/2025,"450,00",CREDITO 2 A 5X
224,RENATO SILVA ANDRADRE,0000038148,4/30/2025,"200,00",CREDITO 2 A 5X
224,RENATO SILVA ANDRADRE,0000038154,5/2/2025,"400,00",CARTÃO DEBITO
224,RENATO SILVA ANDRADRE,0000038154,5/2/2025,"400,00",CREDITO 6 A 10X
224,RENATO SILVA ANDRADRE,0000038156,5/2/2025,"600,00",CARTÃO DEBITO
224,RENATO SILVA ANDRADRE,0000038156,5/2/2025,"600,00",CREDITO 2 A 5X
224,RENATO SILVA ANDRADRE,0000038156,5/2/2025,"600,00",CREDITO 2 A 5X
224,RENATO SILVA ANDRADRE,0000038162,5/3/2025,"1.200,00",CREDITO 2 A 5X
224,RENATO SILVA ANDRADRE,0000038162,5/3/2025,"1.200,00",TRANSF BANCARIA
224,RENATO SILVA ANDRADRE,0000038162,5/3/2025,"1.200,00",TRANSF BANCARIA
224,RENATO SILVA ANDRADRE,0000038163,5/3/2025,"800,00",TRANSF BANCARIA
224,RENATO SILVA ANDRADRE,0000038163,5/3/2025,"800,00",TRANSF BANCARIA
224,RENATO SILVA ANDRADRE,0000038166,5/3/2025,"1.000,00",TRANSF BANCARIA
224,RENATO SILVA ANDRADRE,0000038166,5/3/2025,"1.000,00",DINHEIRO
224,RENATO SILVA ANDRADRE,0000038166,5/3/2025,"1.000,00",DINHEIRO
224,RENATO SILVA ANDRADRE,0000038166,5/3/2025,"1.000,00",CREDITO 2 A 5X
224,RENATO SILVA ANDRADRE,0000038166,5/3/2025,"1.000,00",CREDITO 2 A 5X
224,RENATO SILVA ANDRADRE,0000038166,5/3/2025,"1.000,00",CREDITO 2 A 5X
224,RENATO SILVA ANDRADRE,0000038166,5/3/2025,"1.000,00",CREDITO 2 A 5X
224,RENATO SILVA ANDRADRE,0000038166,5/3/2025,"1.000,00",CREDITO 6 A 10X
224,RENATO SILVA ANDRADRE,0000038166,5/3/2025,"1.000,00",CARTÃO DEBITO
224,RENATO SILVA ANDRADRE,0000038167,5/3/2025,"500,00",CREDITO 2 A 5X
224,RENATO SILVA ANDRADRE,0000038167,5/3/2025,"500,00",CARTÃO DEBITO
224,RENATO SILVA ANDRADRE,089-003240,5/3/2025,"250,00",CREDITO 1X
224,RENATO SILVA ANDRADRE,089-003240,5/3/2025,"250,00",CREDITO 1X
440,RENATO SILVA ANDRADRE,0000038155,5/2/2025,"1.979,00",CARTÃO DEBITO
440,RENATO SILVA ANDRADRE,0000038155,5/2/2025,"1.979,00",CREDITO 2 A 5X
440,RENATO SILVA ANDRADRE,0000038160,5/3/2025,"1.177,00",CREDITO 2 A 5X
440,RENATO SILVA ANDRADRE,0000038160,5/3/2025,"1.177,00",CREDITO 2 A 5X
440,RENATO SILVA ANDRADRE,0000038161,5/3/2025,"470,00",CREDITO 2 A 5X
440,RENATO SILVA ANDRADRE,0000038161,5/3/2025,"470,00",CREDITO 2 A 5X
142,RENATO SILVA ANDRADRE,0000018932,5/2/2025,"199,00",CREDITO 2 A 5X
142,RENATO SILVA ANDRADRE,0000018933,5/2/2025,"229,00",CREDITO 2 A 5X
231,RENATO SILVA ANDRADRE,0000018926,4/26/2025,"230,00",CARTÃO DEBITO
231,RENATO SILVA ANDRADRE,0000018926,4/26/2025,"230,00",CREDITO 2 A 5X
231,WILBIARENATORENATORENATORENATORENATORENATORENATO SILVASILVASILVASILVASILVASILVASILVACARLA,0000018935,5/2/2025,"0,02",
300,RENATO SILVA ANDRADRE,0000018934,5/2/2025,"490,00",CARTÃO DEBITO
300,RENATO SILVA ANDRADRE,0000018934,5/2/2025,"490,00",CARTÃO DEBITO
300,RENATO SILVA ANDRADRE,0000018936,5/2/2025,"389,00",TRANSF BANCARIA
300,RENATO SILVA ANDRADRE,0000018936,5/2/2025,"389,00",DINHEIRO
300,RENATO SILVA ANDRADRE,0000018937,5/3/2025,"500,00",TRANSF BANCARIA
300,RENATO SILVA ANDRADRE,0000018937,5/3/2025,"500,00",TRANSF BANCARIA
300,RENATO SILVA ANDRADRE,0000018938,5/5/2025,"229,00",CREDITO 2 A 5X
410,RENATO SILVA ANDRADRE,0000012575,4/23/2025,"639,00",CARTÃO DEBITO
410,RENATO SILVA ANDRADRE,0000012599,5/2/2025,"270,00",CREDITO 6 A 10X
410,RENATO SILVA ANDRADRE,0000012606,5/5/2025,"239,00",CREDITO 2 A 5X
410,RENATO SILVA ANDRADRE,0000012606,5/5/2025,"239,00",CREDITO 2 A 5X
419,RENATO SILVA ANDRADRE,0000012600,5/3/2025,"620,00",CREDITO 2 A 5X
419,RENATO SILVA ANDRADRE,0000012600,5/3/2025,"620,00",CREDITO 2 A 5X
419,RENATO SILVA ANDRADRE,0000012600,5/3/2025,"620,00",CARTÃO DEBITO
419,RENATO SILVA ANDRADRE,0000012601,5/3/2025,"274,00",CREDITO 2 A 5X
419,RENATO SILVA ANDRADRE,0000012601,5/3/2025,"274,00",CREDITO 2 A 5X
419,SINDYRENATORENATORENATORENATORENATORENATORENATO SILVASILVASILVASILVASILVASILVASILVANASCIMENTO,0000012602,5/3/2025,"0,02",
419,SINDYRENATORENATORENATORENATORENATORENATORENATO SILVASILVASILVASILVASILVASILVASILVANASCIMENTO,0000012603,5/3/2025,"209,00",
419,RENATO SILVA ANDRADRE,0000012607,5/5/2025,"278,00",CREDITO 1X
419,RENATO SILVA ANDRADRE,0000012607,5/5/2025,"278,00",CARTÃO DEBITO
419,RENATO SILVA ANDRADRE,0000012607,5/5/2025,"278,00",CREDITO 2 A 5X
419,RENATO SILVA ANDRADRE,0000012607,5/5/2025,"400,00",CREDITO 2 A 5X
419,RENATO SILVA ANDRADRE,0000012607,5/5/2025,"400,00",CREDITO 1X
419,RENATO SILVA ANDRADRE,0000012607,5/5/2025,"400,00",CREDITO 1X
479,RENATO SILVA ANDRADRE,0000012591,4/28/2025,"130,00",CARTÃO DEBITO
479,RENATO SILVA ANDRADRE,0000012591,4/28/2025,"130,00",CARTÃO DEBITO
479,RENATO SILVA ANDRADRE,0000012604,5/5/2025,"816,00",CARTÃO DEBITO
479,RENATO SILVA ANDRADRE,0000012604,5/5/2025,"816,00",CARTÃO DEBITO
479,KORYRENATORENATORENATORENATORENATORENATORENATO SILVASILVASILVASILVASILVASILVASILVAROCHA,0000012605,5/5/2025,"0,01",
479,RENATO SILVA ANDRADRE,0000012608,5/5/2025,"10,00",TRANSF BANCARIA
232,RENATO SILVA ANDRADRE,0000010786,5/3/2025,"800,00",TRANSF BANCARIA
232,RENATO SILVA ANDRADRE,0000010786,5/3/2025,"800,00",CREDITO 2 A 5X
232,RENATO SILVA ANDRADRE,0000010786,5/3/2025,"800,00",CREDITO 1X
232,RENATO SILVA ANDRADRE,0000010792,5/3/2025,"200,00",CREDITO 1X
232,RENATO SILVA ANDRADRE,0000010792,5/3/2025,"200,00",CREDITO 1X
232,RENATO SILVA ANDRADRE,0000010797,5/5/2025,"230,00",CREDITO 1X
232,RENATO SILVA ANDRADRE,0000010799,5/5/2025,"500,00",CREDITO 1X
232,RENATO SILVA ANDRADRE,0000010799,5/5/2025,"500,00",TRANSF BANCARIA
232,RENATO SILVA ANDRADRE,039-022799,5/3/2025,"250,00",TRANSF BANCARIA
348,RENATO SILVA ANDRADRE,0000010781,5/2/2025,"0,01",CARTÃO DEBITO
348,RENATO SILVA ANDRADRE,0000010789,5/3/2025,"100,00",CREDITO 2 A 5X
348,RENATO SILVA ANDRADRE,0000010789,5/3/2025,"100,00",CREDITO 2 A 5X
348,RENATO SILVA ANDRADRE,0000010790,5/3/2025,"170,00",CARTÃO DEBITO
348,RENATO SILVA ANDRADRE,0000010790,5/3/2025,"170,00",CARTÃO DEBITO
348,RENATO SILVA ANDRADRE,0000010790,5/3/2025,"170,00",TRANSF BANCARIA
348,RENATO SILVA ANDRADRE,0000010790,5/3/2025,"170,00",CREDITO 2 A 5X
348,RENATO SILVA ANDRADRE,0000010790,5/3/2025,"1.170,00",CREDITO 2 A 5X
348,RENATO SILVA ANDRADRE,0000010790,5/3/2025,"1.170,00",CARTÃO DEBITO
348,RENATO SILVA ANDRADRE,0000010790,5/3/2025,"1.170,00",CREDITO 2 A 5X
348,RENATO SILVA ANDRADRE,0000010790,5/3/2025,"1.170,00",CARTÃO DEBITO
348,RENATO SILVA ANDRADRE,0000010794,5/3/2025,"450,00",CREDITO 2 A 5X
348,RENATO SILVA ANDRADRE,0000010794,5/3/2025,"450,00",CREDITO 2 A 5X
348,RENATO SILVA ANDRADRE,0000010794,5/3/2025,"450,00",DINHEIRO
348,RENATO SILVA ANDRADRE,0000010796,5/5/2025,"670,00",CARTÃO DEBITO
348,RENATO SILVA ANDRADRE,0000010796,5/5/2025,"670,00",CREDITO 2 A 5X
401,RENATO SILVA ANDRADRE,0000010784,5/2/2025,"229,00",CREDITO 2 A 5X
401,RENATO SILVA ANDRADRE,0000010785,5/2/2025,"250,00",CREDITO 2 A 5X
401,RENATO SILVA ANDRADRE,0000010785,5/2/2025,"250,00",TRANSF BANCARIA
401,RENATO SILVA ANDRADRE,0000010793,5/3/2025,"450,00",CREDITO 2 A 5X
401,RENATO SILVA ANDRADRE,0000010793,5/3/2025,"450,00",CREDITO 2 A 5X
401,RENATO SILVA ANDRADRE,0000010793,5/3/2025,"450,00",CARTÃO DEBITO
401,RENATO SILVA ANDRADRE,0000010793,5/3/2025,"300,00",CREDITO 1X
401,RENATO SILVA ANDRADRE,0000010793,5/3/2025,"10,00",CREDITO 1X
401,RENATO SILVA ANDRADRE,0000010793,5/3/2025,"300,00",CREDITO 2 A 5X
401,RENATO SILVA ANDRADRE,0000010793,5/3/2025,"10,00",CREDITO 2 A 5X
401,RENATO SILVA ANDRADRE,0000010793,5/3/2025,"300,00",CREDITO 2 A 5X
401,RENATO SILVA ANDRADRE,0000010793,5/3/2025,"10,00",DINHEIRO
401,RENATO SILVA ANDRADRE,0000010795,5/5/2025,"500,00",CREDITO 1X
401,RENATO SILVA ANDRADRE,0000010795,5/5/2025,"500,00",CARTÃO DEBITO
401,RENATO SILVA ANDRADRE,0000010798,5/5/2025,"180,00",CREDITO 2 A 5X
401,RENATO SILVA ANDRADRE,0000010800,5/5/2025,"750,00",CREDITO 2 A 5X
401,RENATO SILVA ANDRADRE,0000010800,5/5/2025,"750,00",CREDITO 2 A 5X
401,RENATO SILVA ANDRADRE,0000010800,5/5/2025,"250,00",CREDITO 2 A 5X
401,RENATO SILVA ANDRADRE,0000010800,5/5/2025,"250,00",CREDITO 2 A 5X
401,RENATO SILVA ANDRADRE,0000010801,5/5/2025,"230,00",CREDITO 2 A 5X
461,RENATO SILVA ANDRADRE,0000010783,5/2/2025,"230,00",CREDITO 2 A 5X
461,RENATO SILVA ANDRADRE,0000010787,5/3/2025,"340,00",CREDITO 2 A 5X
461,RENATO SILVA ANDRADRE,0000010787,5/3/2025,"340,00",CARTÃO DEBITO
461,RENATO SILVA ANDRADRE,0000010788,5/3/2025,"150,00",CARTÃO DEBITO
461,RENATO SILVA ANDRADRE,0000010791,5/3/2025,"630,00",CREDITO 2 A 5X
461,RENATO SILVA ANDRADRE,0000010791,5/3/2025,"630,00",CREDITO 2 A 5X
475,RENATO SILVA ANDRADRE,0000010732,4/17/2025,"815,00",CREDITO 2 A 5X
475,RENATO SILVA ANDRADRE,0000010732,4/17/2025,"815,00",CREDITO 2 A 5X
475,RENATO SILVA ANDRADRE,0000010782,5/2/2025,"30,00",CREDITO 2 A 5X
342,ADELLERENATORENATORENATORENATORENATORENATORENATO SILVASILVASILVASILVASILVASILVASILVAQUEIROZ,0000011932,3/22/2025,"0,02",
342,ADELLERENATORENATORENATORENATORENATORENATORENATO SILVASILVASILVASILVASILVASILVASILVAQUEIROZ,0000011932,3/22/2025,"0,02",
342,RENATO SILVA ANDRADRE,0000012027,4/10/2025,"335,00",VOUCHER
342,RENATO SILVA ANDRADRE,0000012027,4/10/2025,"335,00",VOUCHER
342,ADELLERENATORENATORENATORENATORENATORENATORENATO SILVASILVASILVASILVASILVASILVASILVAQUEIROZ,0000012072,4/22/2025,"0,02",
342,ADELLERENATORENATORENATORENATORENATORENATORENATO SILVASILVASILVASILVASILVASILVASILVAQUEIROZ,0000012072,4/22/2025,"0,02",
342,RENATO SILVA ANDRADRE,0000012130,5/2/2025,"1.000,00",VOUCHER
342,RENATO SILVA ANDRADRE,0000012132,5/2/2025,"2.540,00",CARTÃO DEBITO
342,RENATO SILVA ANDRADRE,0000012132,5/2/2025,"2.540,00",CARTÃO DEBITO
342,RENATO SILVA ANDRADRE,0000012132,5/2/2025,"2.540,00",CARTÃO DEBITO
342,RENATO SILVA ANDRADRE,0000012136,5/3/2025,"2.750,00",CARTÃO DEBITO
342,RENATO SILVA ANDRADRE,0000012136,5/3/2025,"2.750,00",CARTÃO DEBITO
342,RENATO SILVA ANDRADRE,0000012136,5/3/2025,"2.750,00",CARTÃO DEBITO
342,RENATO SILVA ANDRADRE,0000012144,5/4/2025,"20,00",CARTÃO DEBITO
394,RENATO SILVA ANDRADRE,0000012021,4/8/2025,"2.750,00",CARTÃO DEBITO
394,RENATO SILVA ANDRADRE,0000012021,4/8/2025,"2.750,00",CARTÃO DEBITO
490,RENATO SILVA ANDRADRE,0000012128,5/1/2025,"2.200,00",CREDITO 2 A 5X
490,RENATO SILVA ANDRADRE,0000012134,5/2/2025,"15,00",CREDITO 2 A 5X
499,RENATO SILVA ANDRADRE,0000012131,5/2/2025,"1.244,00",CREDITO 2 A 5X
499,RENATO SILVA ANDRADRE,0000012131,5/2/2025,"1.244,00",CREDITO 2 A 5X
499,RENATO SILVA ANDRADRE,0000012139,5/3/2025,"1.100,00",CREDITO 2 A 5X
499,RENATO SILVA ANDRADRE,0000012140,5/3/2025,"1.000,00",CREDITO 2 A 5X
499,RENATO SILVA ANDRADRE,0000012140,5/3/2025,"1.000,00",CREDITO 2 A 5X
499,RENATO SILVA ANDRADRE,0000012141,5/4/2025,"6.090,00",CREDITO 2 A 5X
499,RENATO SILVA ANDRADRE,0000012141,5/4/2025,"6.090,00",CREDITO 2 A 5X
499,RENATO SILVA ANDRADRE,0000012141,5/4/2025,"6.090,00",TRANSF BANCARIA
499,RENATO SILVA ANDRADRE,0000012141,5/4/2025,"6.090,00",TRANSF BANCARIA
499,RENATO SILVA ANDRADRE,0000012141,5/4/2025,"6.090,00",TRANSF BANCARIA
499,RENATO SILVA ANDRADRE,0000012142,5/4/2025,"1.200,00",TRANSF BANCARIA
499,RENATO SILVA ANDRADRE,0000012145,5/4/2025,"879,00",TRANSF BANCARIA
8,NATALIARENATORENATORENATORENATORENATORENATORENATO SILVASILVASILVASILVASILVASILVASILVAFIGUEIREDO,0000012088,4/24/2025,"830,00",
8,NATALIARENATORENATORENATORENATORENATORENATORENATO SILVASILVASILVASILVASILVASILVASILVAFIGUEIREDO,0000012117,4/30/2025,"0,02",
8,RENATO SILVA ANDRADRE,0000012127,5/1/2025,"2.540,00",TRANSF BANCARIA
8,RENATO SILVA ANDRADRE,0000012127,5/1/2025,"2.540,00",TRANSF BANCARIA
8,RENATO SILVA ANDRADRE,0000012127,5/1/2025,"2.540,00",TRANSF BANCARIA
8,RENATO SILVA ANDRADRE,0000012127,5/1/2025,"2.540,00",TRANSF BANCARIA
8,RENATO SILVA ANDRADRE,0000012137,5/3/2025,"929,00",TRANSF BANCARIA
8,RENATO SILVA ANDRADRE,0000012146,5/5/2025,"13.570,00",CARTÃO DEBITO
8,RENATO SILVA ANDRADRE,0000012146,5/5/2025,"13.570,00",CARTÃO DEBITO
8,RENATO SILVA ANDRADRE,0000012146,5/5/2025,"13.570,00",CARTÃO DEBITO
8,RENATO SILVA ANDRADRE,0000012147,5/5/2025,"3.500,00",CARTÃO DEBITO
8,RENATO SILVA ANDRADRE,0000012147,5/5/2025,"3.500,00",CARTÃO DEBITO
481,RENATO SILVA ANDRADRE,0000003349,5/2/2025,"35,00",CARTÃO DEBITO
481,RENATO SILVA ANDRADRE,0000003351,5/2/2025,"29,90",CREDITO 1X
481,RENATO SILVA ANDRADRE,0000003356,5/3/2025,"44,90",CREDITO 1X
481,RENATO SILVA ANDRADRE,0000003356,5/3/2025,"44,90",CREDITO 1X
481,RENATO SILVA ANDRADRE,0000003359,5/5/2025,"30,00",CREDITO 1X
481,RENATO SILVA ANDRADRE,0000003359,5/5/2025,"30,00",CREDITO 1X
481,RENATO SILVA ANDRADRE,0000003359,5/5/2025,"20,00",CREDITO 1X
481,RENATO SILVA ANDRADRE,0000003359,5/5/2025,"20,00",CREDITO 1X
484,RENATO SILVA ANDRADRE,0000003352,5/2/2025,"450,00",CREDITO 2 A 5X
484,RENATO SILVA ANDRADRE,0000003352,5/2/2025,"520,00",CREDITO 6 A 10X
484,RENATO SILVA ANDRADRE,0000003355,5/3/2025,"29,90",CREDITO 6 A 10X
484,RENATO SILVA ANDRADRE,0000003357,5/3/2025,"445,00",VOUCHER
484,RENATO SILVA ANDRADRE,0000003358,5/4/2025,"29,90",CARTÃO DEBITO
484,PATRICIA,0000003360,5/5/2025,"0,02",
516,RENATO SILVA ANDRADRE,0000003353,5/3/2025,"29,90",CREDITO 2 A 5X
516,RENATO SILVA ANDRADRE,0000003354,5/3/2025,"2.972,50",CREDITO 6 A 10X
516,RENATO SILVA ANDRADRE,0000003354,5/3/2025,"2.972,50",CREDITO 6 A 10X
516,RENATO SILVA ANDRADRE,0000003354,5/3/2025,"2.972,50",CREDITO 6 A 10X